IsPETase_position	Residue	Different_family_consensus	Consensus_residues	Major_consensus	Major_count	FVI
1	M	5	A,G,L,M,R	G	2	4
2	N	7	A,F,I,L,M,P,W	F	2	6
3	F	4	L,M,R,T	L	5	3
4	P	5	A,G,K,R,S	R	4	4
5	R	1	R	R	10	0
6	A	5	A,G,L,T,V	A	5	4
7	S	3	A,L,S	L	5	2
8	R	2	H,R	R	7	1
9	L	7	A,F,I,Q,R,T,V	R	2	6
10	M	4	A,L,T,V	A	5	3
11	Q	5	A,G,L,M,T	A	4	4
12	A	5	A,K,L,R,T	R	2	4
13	A	4	L,R,S,T	L	5	3
14	V	4	A,K,T,V	A	6	3
15	L	3	A,L,M	L	7	2
16	G	4	A,L,T,V	A	7	3
17	G	4	A,G,R,S	G	2	3
18	L	4	A,L,T,V	A	7	3
19	M	4	A,L,M,T	A	6	3
20	A	2	A,L	A	9	1
21	V	4	A,L,M,V	L	7	3
22	S	5	A,G,L,S,V	A	4	4
23	A	4	A,G,L,T	A	7	3
24	A	4	A,G,L,W	A	7	3
25	A	3	A,G,V	A	5	2
26	T	4	A,G,T,V	G	6	3
27	A	1	A	A	10	0
28	Q	5	A,D,E,T,V	A	6	4
29	T	4	A,F,K,S	A	7	3
30	N	4	A,G,N,P	N	6	3
31	P	2	A,P	P	9	1
32	Y	4	E,K,S,Y	Y	7	3
33	A	4	A,E,Q,V	E	6	3
34	R	2	H,R	R	9	1
35	G	2	A,G	G	9	1
36	P	1	P	P	10	0
37	N	3	A,D,N	A	5	2
38	P	1	P	P	10	0
39	T	3	A,P,T	T	8	2
40	A	4	A,D,E,R	E	5	3
41	A	5	A,P,Q,S,T	A	5	4
42	S	4	D,L,P,S	S	6	3
43	L	6	A,I,L,V,W,Y	I	3	5
44	E	4	E,G,S,T	E	6	3
45	A	2	A,E	A	9	1
46	S	5	E,N,P,R,S	P	5	4
47	A	2	R,S	R	9	1
48	G	1	G	G	10	0
49	P	1	P	P	10	0
50	F	3	F,H,Y	F	7	2
51	T	4	A,D,P,S	A	5	3
52	V	2	T,V	V	7	1
53	R	5	A,D,R,S,V	A	4	4
54	S	6	E,Q,R,S,T,V	Q	4	5
55	F	3	E,T,V	T	5	2
56	T	5	A,D,R,S,T	S	6	4
57	V	3	A,L,V	V	7	2
58	S	2	P,S	S	9	1
59	R	3	A,R,S	S	6	2
60	P	2	G,L	L	9	1
61	S	4	D,R,S,T	S	6	3
62	G	1	G	G	10	0
63	Y	1	F	F	10	0
64	G	3	A,G,Y	G	8	2
65	A	2	E,G	G	9	1
66	G	3	G,H,T	G	8	2
67	T	1	T	T	10	0
68	V	2	I,V	I	8	1
69	Y	1	Y	Y	10	0
70	Y	2	R,Y	Y	9	1
71	P	1	P	P	10	0
72	T	3	A,R,T	T	6	2
73	N	3	D,N,T	D	6	2
74	A	5	A,D,E,G,T	T	6	4
75	G	4	A,N,R,S	S	7	3
76	G	1	G	G	9	0
77	T	2	R,T	T	9	1
78	V	4	F,H,L,Y	F	5	3
79	G	2	G,P	G	6	1
80	A	3	A,G,V	A	6	2
81	I	2	I,V	V	8	1
82	A	2	A,V	A	8	1
83	I	3	I,V,W	W	4	2
84	V	3	A,G,S	G	4	2
85	P	2	N,P	P	7	1
86	G	1	G	G	10	0
87	Y	3	A,F,Y	Y	7	2
88	T	3	C,F,T	T	8	2
89	A	3	A,G,R	A	7	2
90	R	5	D,G,P,S,T	T	5	4
91	Q	4	K,Q,S,W	Q	7	3
92	S	4	A,N,P,S	S	6	3
93	S	3	D,G,S	S	8	2
94	I	4	E,I,L,M	M	4	3
95	K	3	A,L,S	A	7	2
96	W	3	S,T,W	W	8	2
97	W	3	L,W,Y	L	8	2
98	G	3	A,G,L	G	6	2
99	P	6	A,E,H,P,R,T	P	5	5
100	R	3	H,L,R	R	8	2
101	L	2	I,L	L	7	1
102	A	1	A	A	10	0
103	S	1	S	S	10	0
104	H	2	H,Q	H	6	1
105	G	1	G	G	10	0
106	F	1	F	F	10	0
107	V	2	I,V	V	9	1
108	V	1	V	V	10	0
109	I	5	A,F,I,M,V	I	4	4
110	T	3	A,N,T	A	5	2
111	I	3	A,I,V	I	8	2
112	D	4	D,E,G,N	D	7	3
113	T	1	T	T	10	0
114	N	4	F,L,N,P	N	7	3
115	S	2	S,T	T	9	1
116	T	3	L,R,T	R	6	2
117	L	4	D,L,T,Y	Y	4	3
118	D	2	D,E	D	9	1
119	Q	2	N,Q	Q	9	1
120	P	3	G,N,P	P	8	2
121	S	4	A,D,S,T	D	6	3
122	S	3	N,P,S	S	8	2
123	R	3	F,R,S	R	8	2
124	S	2	A,G	G	7	1
125	S	5	A,D,I,R,S	R	5	4
126	Q	3	D,Q,V	Q	8	2
127	Q	2	L,M	L	8	1
128	M	5	E,L,M,N,Q	L	6	4
129	A	2	A,D	A	9	1
130	A	2	A,G	A	8	1
131	L	2	I,L	L	9	1
132	R	2	D,T	D	9	1
133	Q	2	W,Y	Y	9	1
134	V	3	L,M,V	L	8	2
135	A	4	A,I,T,V	T	4	3
136	S	7	A,D,E,N,Q,R,T	A	2	6
137	L	4	D,E,Q,S	E	6	3
138	N	2	K,N	N	8	1
139	G	5	A,G,Q,S,T	A	5	4
140	T	3	D,R,S	R	5	2
141	S	1	S	S	10	0
142	S	5	A,D,E,P,S	P	4	4
143	S	2	A,S	A	3	1
144	P	4	A,G,P,T	T	2	3
145	I	4	F,I,L,V	V	6	3
146	Y	3	A,R,Y	R	8	2
147	G	3	D,G,S	G	5	2
148	K	2	K,R	R	9	1
149	V	2	I,V	I	6	1
150	D	1	D	D	10	0
151	T	5	A,G,R,S,T	T	5	4
152	A	6	A,D,N,R,S,T	S	4	5
153	R	1	R	R	10	0
154	M	2	I,L	L	9	1
155	G	2	A,G	A	5	1
156	V	1	V	V	10	0
157	M	3	A,M,S	M	8	2
158	G	1	G	G	10	0
159	W	1	H	H	10	0
160	S	1	S	S	10	0
161	M	2	C,M	M	9	1
162	G	1	G	G	10	0
163	G	1	G	G	10	0
164	G	1	G	G	10	0
165	G	2	A,G	G	9	1
166	S	3	A,S,T	T	6	2
167	L	1	L	L	10	0
168	I	4	A,E,R,V	E	4	3
169	S	3	A,L,V	A	7	2
170	A	3	A,G,V	A	8	2
171	A	5	A,D,R,S,T	A	5	4
172	N	4	D,E,Q,R	D	7	3
173	N	3	D,N,R	R	7	2
174	P	1	P	P	10	0
175	S	4	D,E,R,S	R	4	3
176	L	2	L,V	L	8	1
177	K	3	D,K,R	K	7	2
178	A	3	A,S,T	A	8	2
179	A	2	A,V	A	9	1
180	A	3	I,L,V	I	5	2
181	P	1	P	P	10	0
182	Q	2	I,L	L	9	1
183	A	4	A,D,Q,T	A	4	3
184	P	2	P,S	P	9	1
185	W	1	W	W	10	0
186	D	3	D,H,N	N	6	2
187	S	4	A,L,S,T	L	6	3
188	S	4	D,N,Q,S	D	7	3
189	T	4	G,K,P,T	K	7	3
190	N	5	A,N,R,S,T	S	3	4
191	F	2	F,W	W	9	1
192	S	4	N,P,R,S	S	6	3
193	S	6	D,G,K,L,N,S	G	3	5
194	V	2	L,V	V	7	1
195	T	5	E,H,Q,R,T	R	4	4
196	V	2	T,V	V	7	1
197	P	1	P	P	10	0
198	T	3	A,T,V	T	8	2
199	L	1	L	L	10	0
200	I	3	F,I,Y	I	8	2
201	F	3	F,I,V	I	7	2
202	A	3	A,D,G	G	8	2
203	C	3	A,C,G	A	5	2
204	E	4	D,E,G,Q	E	5	3
205	N	5	D,L,N,P,R	N	5	4
206	D	1	D	D	10	0
207	S	3	D,S,T	T	6	2
208	I	2	I,V	I	8	1
209	A	1	A	A	10	0
210	P	3	P,S,Y	P	7	2
211	V	2	P,V	V	7	1
212	N	5	A,N,R,S,T	A	3	4
213	S	3	A,S,T	S	7	2
214	S	3	H,L,Y	H	8	2
215	A	3	A,S,V	A	5	2
216	L	5	E,I,K,R,V	E	4	4
217	P	2	P,R	P	9	1
218	I	2	F,R	F	9	1
219	Y	1	Y	Y	10	0
220	D	5	D,E,N,R,T	N	5	4
221	S	4	A,D,L,S	S	7	3
222	M	3	A,I,L	L	8	2
223	S	3	A,D,S	S	6	2
224	R	4	A,P,S,T	S	7	3
225	N	6	A,I,L,P,T,V	V	3	5
226	A	4	D,E,P,S	P	4	3
227	K	2	A,K	K	7	1
228	Q	2	A,V	A	9	1
229	F	1	Y	Y	10	0
230	L	2	A,L	L	8	1
231	E	1	E	E	10	0
232	I	4	I,L,N,V	L	7	3
233	N	5	A,D,N,P,R	N	4	4
234	G	2	A,G	G	9	1
235	G	2	A,G	A	9	1
236	S	3	G,S,T	G	6	2
237	H	1	H	H	10	0
238	S	1	F	F	10	0
239	C	5	A,C,F,S,T	A	5	4
240	A	4	A,F,P,Y	P	7	3
241	N	2	G,N	N	7	1
242	S	6	D,E,I,Q,S,T	T	4	5
243	G	5	G,P,R,S,T	P	4	4
244	N	3	D,G,N	N	8	2
245	S	2	G,I	G	7	1
246	N	3	H,P,Q	Q	4	2
247	Q	5	A,D,L,Q,R	Q	2	4
248	A	4	A,E,K,T	T	7	3
249	L	4	D,E,I,T	T	7	3
250	I	3	A,F,I	I	7	2
251	G	3	A,G,V	A	6	2
252	K	3	G,K,R	K	7	2
253	K	3	P,V,Y	Y	8	2
254	G	5	A,G,L,S,T	S	6	4
255	V	3	I,T,V	V	4	2
256	A	2	A,S	A	8	1
257	W	1	W	W	10	0
258	M	3	F,L,M	L	7	2
259	K	3	D,K,R	K	8	2
260	R	2	F,R	R	8	1
261	F	2	F,T	F	8	1
262	M	2	L,V	L	5	1
263	D	3	D,M,N	D	8	2
264	N	3	D,G,N	G	4	2
265	D	1	D	D	10	0
266	T	3	E,R,T	T	8	2
267	R	2	A,R	R	6	1
268	Y	2	R,Y	Y	8	1
269	S	6	A,D,E,G,S,T	A	4	5
270	T	4	P,Q,R,Y	Q	7	3
271	F	1	F	F	10	0
272	A	2	F,L	L	9	1
273	C	2	C,G	C	7	1
274	E	2	G,P	P	9	1
275	N	4	A,G,L,P	A	5	3
276	P	1	P	P	10	0
277	N	5	G,H,R,S,T	S	5	4
278	S	6	E,F,G,N,S,T	S	3	5
279	T	6	D,G,L,P,S,T	S	4	5
280	R	6	A,D,E,G,T,Y	A	2	5
281	V	3	F,I,V	I	6	2
282	S	2	E,S	S	8	1
283	D	4	A,D,E,S	E	7	3
284	F	3	A,V,Y	Y	8	2
285	R	3	E,R,T	R	8	2
286	T	3	D,R,S	S	4	2
287	A	4	K,N,S,T	T	7	3
288	N	4	A,G,L,N	N	7	3
289	C	3	C,V,Y	C	8	2
290	S	1	P	P	10	0
