Atlas_position	family	family_consensus	family_conservation_if_available	matches_IsPETase_WT	matches_experimental_mutant
140	Actinomadura-like	R	34.34	NO	NO
140	Amycolatopsis-like	R	83.33	NO	NO
140	IsPETase-like	S	50.0	NO	NO
140	LCC-like	S	50.0	NO	NO
140	Microbispora-like	R	50.0	NO	NO
140	Nocardiopsis-like	D	58.06	NO	YES
140	Other_bacterial	D	40.05	NO	YES
140	Streptomyces-like	R	33.33	NO	NO
140	Thermobifida-like	S	76.92	NO	NO
159	Actinomadura-like	H	86.87	NO	YES
159	Amycolatopsis-like	H	88.0	NO	YES
159	IsPETase-like	H	60.0	NO	YES
159	LCC-like	H	100.0	NO	YES
159	Microbispora-like	H	100.0	NO	YES
159	Nocardiopsis-like	H	70.97	NO	YES
159	Other_bacterial	H	76.83	NO	YES
159	Streptomyces-like	H	88.89	NO	YES
159	Thermobifida-like	H	76.92	NO	YES
205	Actinomadura-like	N	44.44	YES	NO
205	Amycolatopsis-like	P	48.0	NO	NO
205	IsPETase-like	N	50.0	YES	NO
205	LCC-like	D	37.5	NO	NO
205	Microbispora-like	P	50.0	NO	NO
205	Nocardiopsis-like	N	64.52	YES	NO
205	Other_bacterial	N	26.78	YES	NO
205	Streptomyces-like	R	22.22	NO	YES
205	Thermobifida-like	L	61.54	NO	NO
229	Actinomadura-like	Y	85.86	NO	YES
229	Amycolatopsis-like	Y	40.0	NO	YES
229	IsPETase-like	Y	70.0	NO	YES
229	LCC-like	Y	100.0	NO	YES
229	Microbispora-like	Y	50.0	NO	YES
229	Nocardiopsis-like	Y	70.97	NO	YES
229	Other_bacterial	Y	42.7	NO	YES
229	Streptomyces-like	Y	55.56	NO	YES
229	Thermobifida-like	Y	76.92	NO	YES
