position	residue	global_consensus	global_conservation	FVI	different_family_consensus_count	known_mutation_evidence_count	known_mutation_evidence_flag	protected_status	Actinomadura-like_consensus	Actinomadura-like_conservation	Amycolatopsis-like_consensus	Amycolatopsis-like_conservation	IsPETase-like_consensus	IsPETase-like_conservation	LCC-like_consensus	LCC-like_conservation	Microbispora-like_consensus	Microbispora-like_conservation	Nocardiopsis-like_consensus	Nocardiopsis-like_conservation	Other_bacterial_consensus	Other_bacterial_conservation	Streptomyces-like_consensus	Streptomyces-like_conservation	Thermobifida-like_consensus	Thermobifida-like_conservation
1	M	G	17.14	4	5	0	NO	NOT_PROTECTED	R	28.57			M	50.0	L	100.0					G	27.27	A	100.0		
2	N	F	14.37	6	7	0	NO	NOT_PROTECTED	A	36.36	W	55.56	I	50.0	W	100.0	M	100.0	P	50.0	F	16.95	I	20.0	L	100.0
3	F	L	19.89	3	4	0	NO	NOT_PROTECTED	L	32.08	L	30.0	L	42.86	R	83.33	T	75.0	R	48.0	M	15.81	R	36.36	L	76.92
4	P	R	29.16	4	5	0	NO	NOT_PROTECTED	R	27.59	K	33.33	K	28.57	S	66.67	A	54.55	R	40.74	R	31.79	G	20.0	S	76.92
5	R	R	64.14	0	1	0	NO	NOT_PROTECTED	R	59.42	R	41.67	R	85.71	R	50.0	R	54.55	R	62.96	R	65.56	R	66.67	R	100.0
6	A	A	21.33	4	5	0	NO	NOT_PROTECTED	A	40.0	A	31.58	L	42.86	G	33.33	T	100.0	V	20.0	L	18.39	A	21.43	A	100.0
7	S	L	23.0	2	3	0	NO	NOT_PROTECTED	L	30.77	L	66.67	S	50.0	A	40.0			A	36.84	A	21.54	L	100.0	L	80.0
8	R	R	39.52	1	2	0	NO	NOT_PROTECTED	R	42.11	H	50.0	R	50.0	R	40.0			R	57.89	R	28.26			R	50.0
9	L	R	17.02	6	7	0	NO	NOT_PROTECTED	A	40.0	Q	50.0	T	50.0	I	40.0			F	30.0	R	25.58			V	50.0
10	M	A	39.16	3	4	0	NO	NOT_PROTECTED	A	80.0	A	100.0	V	50.0	A	50.0	T	60.0	A	89.47	L	34.88	V	66.67		
11	Q	A	39.02	4	5	0	NO	NOT_PROTECTED	M	40.0	A	100.0	A	66.67	G	100.0	L	100.0	A	73.68	T	39.02				
12	A	R	29.07	4	5	0	NO	NOT_PROTECTED	L	40.0	L	100.0	A	100.0	T	100.0	A	60.0	R	68.42	K	33.33				
13	A	L	52.38	3	4	0	NO	NOT_PROTECTED	L	70.0	T	100.0	R	66.67	L	100.0	L	100.0	S	31.58	L	62.79				
14	V	A	24.19	3	4	0	NO	NOT_PROTECTED	K	18.84	A	50.0	T	40.0	A	66.67	V	100.0	A	55.0	A	21.94	A	66.67	T	80.0
15	L	L	42.03	2	3	0	NO	NOT_PROTECTED	L	51.35	L	52.94	L	50.0	M	50.0	L	54.55	L	25.0	L	42.06	A	42.86	A	76.92
16	G	A	33.72	3	4	0	NO	NOT_PROTECTED	A	46.97	V	31.82	A	50.0	A	85.71	L	91.67	A	40.0	A	29.6	T	26.67	A	76.92
17	G	G	30.43	3	4	0	NO	NOT_PROTECTED	R	100.0			G	100.0	S	50.0					A	29.41				
18	L	A	42.76	3	4	0	NO	NOT_PROTECTED	A	61.11	V	36.0	A	83.33	A	42.86	T	66.67	L	30.0	A	38.98	A	41.18	A	76.92
19	M	A	36.72	3	4	0	NO	NOT_PROTECTED	A	54.26	A	44.0	M	33.33	L	57.14	A	66.67	L	61.29	A	33.25	A	70.59	T	72.73
20	A	A	42.86	1	2	0	NO	NOT_PROTECTED	A	57.29	A	44.0	A	50.0	A	100.0	L	50.0	A	38.71	A	39.23	A	35.29	A	72.73
21	V	L	51.03	3	4	0	NO	NOT_PROTECTED	L	67.01	L	31.82	V	50.0	M	42.86	A	66.67	L	38.71	L	49.61	L	52.94	L	81.82
22	S	A	33.43	4	5	0	NO	NOT_PROTECTED	A	41.76	V	37.5	S	50.0	A	85.71			G	47.62	A	32.69	L	80.0	V	100.0
23	A	A	42.3	3	4	0	NO	NOT_PROTECTED	A	73.63	T	60.0	A	66.67	G	42.86	A	100.0	A	30.0	A	33.64	L	33.33	A	53.85
24	A	A	29.71	3	4	0	NO	NOT_PROTECTED	L	44.44	A	47.37	A	100.0	W	100.0	G	100.0	A	38.46	A	29.31	A	40.0	A	100.0
25	A	G	33.15	2	3	0	NO	NOT_PROTECTED	A	42.71	A	59.09	A	28.57	V	80.0	G	50.0	A	51.61	G	38.76	G	46.15	A	46.15
26	T	G	33.74	3	4	0	NO	NOT_PROTECTED	A	34.78	G	66.67	V	57.14	G	57.14	G	100.0	G	47.62	G	34.27	T	66.67	V	100.0
27	A	A	81.55	0	1	0	NO	NOT_PROTECTED	A	88.04	A	54.17	A	71.43	A	100.0	A	75.0	A	76.67	A	82.99	A	68.75	A	76.92
28	Q	A	38.09	4	5	0	NO	NOT_PROTECTED	A	36.59	A	41.18	E	40.0	D	50.0	V	50.0	A	70.97	A	36.99	T	21.43	A	76.92
29	T	A	47.46	3	4	0	NO	NOT_PROTECTED	A	77.78	A	75.0	F	42.86	S	100.0	K	50.0	A	63.64	A	40.54	A	75.0	A	100.0
30	N	N	33.26	3	4	0	NO	NOT_PROTECTED	N	58.82	G	25.0	N	77.78	N	100.0	P	100.0	N	48.39	G	20.97	A	27.27	N	76.92
31	P	P	71.97	1	2	0	NO	NOT_PROTECTED	P	86.21	A	53.33	P	77.78	P	100.0	P	100.0	P	80.95	P	64.73	P	75.0	P	100.0
32	Y	Y	59.48	3	4	0	NO	NOT_PROTECTED	Y	74.71	E	33.33	Y	100.0	Y	87.5	K	100.0	Y	59.09	Y	55.71	S	23.53	Y	100.0
33	A	E	44.0	3	4	0	NO	NOT_PROTECTED	E	51.16	V	28.57	Q	50.0	E	87.5			E	90.91	E	37.61	A	31.25	E	100.0
34	R	R	82.23	1	2	0	NO	NOT_PROTECTED	R	90.54	R	60.0	R	60.0	R	100.0	H	100.0	R	100.0	R	78.67	R	100.0	R	100.0
35	G	G	82.52	1	2	0	NO	NOT_PROTECTED	G	100.0	A	41.67	G	100.0	G	100.0	G	50.0	G	100.0	G	76.44	G	75.0	G	100.0
36	P	P	87.74	0	1	0	NO	NOT_PROTECTED	P	93.33	P	81.25	P	100.0	P	100.0	P	100.0	P	95.45	P	84.08	P	72.73	P	100.0
37	N	A	33.78	2	3	0	NO	NOT_PROTECTED	A	60.0	A	44.44	D	60.0	A	37.5	D	100.0	D	52.17	D	27.88	A	44.44	N	90.0
38	P	P	69.74	0	1	0	NO	NOT_PROTECTED	P	98.72	P	58.33	P	100.0	P	100.0	P	100.0	P	75.86	P	60.13	P	44.44	P	76.92
39	T	T	52.8	2	3	0	NO	NOT_PROTECTED	T	95.0	P	32.0	T	100.0	T	75.0	T	50.0	T	70.0	T	40.71	A	30.0	T	100.0
40	A	E	42.57	3	4	0	NO	NOT_PROTECTED	E	58.82	A	32.0	A	40.0	E	62.5	D	50.0	E	86.67	E	41.35	R	23.08	D	60.0
41	A	A	34.1	4	5	0	NO	NOT_PROTECTED	A	42.53	P	28.0	S	70.0	S	62.5	A	50.0	Q	19.35	A	35.38	T	41.18	A	60.0
42	S	S	33.52	3	4	0	NO	NOT_PROTECTED	S	69.32	P	32.0	S	50.0	S	75.0	L	54.55	S	67.74	S	23.84	D	43.75	L	60.0
43	L	I	19.24	5	6	0	NO	NOT_PROTECTED	I	45.45	A	36.0	L	80.0	I	62.5	L	54.55	V	54.84	Y	22.95	W	31.25	L	90.91
44	E	E	28.26	3	4	0	NO	NOT_PROTECTED	T	32.32	S	32.0	E	90.0	E	87.5	E	50.0	T	51.61	E	26.6	G	29.41	E	76.92
45	A	A	56.95	1	2	0	NO	NOT_PROTECTED	A	76.77	E	36.0	A	70.0	A	100.0	A	33.33	A	67.74	A	51.57	A	64.71	A	76.92
46	S	P	29.19	4	5	0	NO	NOT_PROTECTED	E	22.11	P	61.54	N	30.0	S	62.5	S	100.0	P	31.82	P	31.68	P	56.25	R	70.0
47	A	R	61.7	1	2	0	NO	NOT_PROTECTED	R	59.74	R	33.33	R	42.86	R	42.86	R	100.0	R	66.67	R	67.12	R	60.0	S	100.0
48	G	G	90.92	0	1	0	NO	NOT_PROTECTED	G	98.99	G	64.0	G	100.0	G	100.0	G	50.0	G	100.0	G	90.8	G	82.35	G	100.0
49	P	P	74.88	0	1	0	NO	NOT_PROTECTED	P	90.91	P	56.0	P	100.0	P	75.0	P	50.0	P	48.39	P	73.86	P	64.71	P	100.0
50	F	F	44.43	2	3	0	NO	NOT_PROTECTED	F	72.16	H	56.0	F	70.0	F	62.5	Y	50.0	F	58.06	F	37.28	Y	47.06	F	76.92
51	T	A	36.99	3	4	0	NO	NOT_PROTECTED	A	52.04	P	36.0	S	40.0	S	37.5	A	58.33	D	80.65	A	37.28	A	47.06	S	76.92
52	V	V	40.69	1	2	0	NO	NOT_PROTECTED	T	34.69	V	60.0	V	50.0	V	100.0	T	100.0	T	61.29	V	41.46	V	82.35	V	76.92
53	R	A	23.68	4	5	0	NO	NOT_PROTECTED	S	39.8	V	56.0	R	50.0	S	37.5	A	50.0	D	58.06	A	24.16	A	35.29	S	76.92
54	S	Q	16.93	5	6	0	NO	NOT_PROTECTED	Q	32.65	R	36.0	S	50.0	E	62.5	Q	50.0	T	41.94	Q	15.58	V	35.29	E	76.92
55	F	T	24.2	2	3	0	NO	NOT_PROTECTED	T	27.55	E	60.0	T	40.0	E	37.5	E	50.0	V	32.26	T	24.43	T	41.18	E	76.92
56	T	S	22.56	4	5	0	NO	NOT_PROTECTED	S	26.53	A	48.0	S	50.0	S	50.0	D	50.0	S	32.26	T	22.92	S	35.29	R	53.85
57	V	V	47.55	2	3	0	NO	NOT_PROTECTED	V	77.55	A	40.0	V	100.0	V	87.5	V	50.0	V	67.74	V	39.47	L	23.53	A	53.85
58	S	S	60.91	1	2	0	NO	NOT_PROTECTED	P	44.16	S	66.67	S	100.0	S	87.5	S	100.0	S	95.24	S	58.77	S	100.0	S	100.0
59	R	S	47.33	2	3	0	NO	NOT_PROTECTED	A	44.16	S	33.33	R	60.0	S	62.5	S	100.0	S	95.24	S	47.01	A	57.14	R	100.0
60	P	L	56.63	1	2	0	NO	NOT_PROTECTED	G	34.72	L	66.67	L	40.0	L	71.43	L	100.0	L	76.19	L	62.59	L	100.0	L	50.0
61	S	S	34.62	3	4	0	NO	NOT_PROTECTED	T	41.03	R	33.33	S	70.0	S	75.0	S	100.0	S	71.43	S	34.69	R	33.33	D	70.0
62	G	G	87.26	0	1	0	NO	NOT_PROTECTED	G	97.44	G	100.0	G	100.0	G	100.0	G	100.0	G	100.0	G	81.18	G	100.0	G	100.0
63	Y	F	82.02	0	1	0	NO	NOT_PROTECTED	F	94.81	F	100.0	F	80.0	F	100.0	F	100.0	F	100.0	F	72.32	F	60.0	F	100.0
64	G	G	56.6	2	3	0	NO	NOT_PROTECTED	G	56.25	A	40.0	G	100.0	G	100.0	G	100.0	G	95.24	G	53.12	Y	30.77	G	100.0
65	A	G	56.46	1	2	0	NO	NOT_PROTECTED	G	44.21	E	36.36	G	80.0	G	100.0	G	100.0	G	95.45	G	57.44	G	33.33	G	100.0
66	G	G	43.18	2	3	0	NO	NOT_PROTECTED	G	76.77	H	44.0	G	100.0	G	100.0	G	50.0	G	67.74	G	32.19	T	33.33	G	76.92
67	T	T	64.37	0	1	0	NO	NOT_PROTECTED	T	87.88	T	92.0	T	70.0	T	87.5	T	100.0	T	96.77	T	51.84	T	61.11	T	100.0
68	V	I	50.88	1	2	0	NO	NOT_PROTECTED	I	76.77	V	48.0	I	50.0	I	87.5	I	50.0	I	74.19	I	43.63	V	58.82	I	100.0
69	Y	Y	75.28	0	1	0	NO	NOT_PROTECTED	Y	91.92	Y	96.0	Y	90.0	Y	87.5	Y	100.0	Y	96.77	Y	67.16	Y	52.94	Y	100.0
70	Y	Y	68.26	1	2	0	NO	NOT_PROTECTED	Y	70.71	R	64.0	Y	100.0	Y	100.0	Y	50.0	Y	61.29	Y	69.17	Y	70.59	Y	76.92
71	P	P	99.04	0	1	0	NO	NOT_PROTECTED	P	100.0	P	100.0	P	100.0	P	100.0	P	100.0	P	100.0	P	98.54	P	100.0	P	100.0
72	T	T	37.0	2	3	0	NO	NOT_PROTECTED	T	61.62	A	60.0	T	80.0	T	37.5	A	58.33	T	61.29	T	31.39	A	22.22	R	76.92
73	N	D	48.43	2	3	0	NO	NOT_PROTECTED	D	57.58	D	60.0	N	50.0	D	50.0	T	50.0	D	87.1	D	44.47	T	33.33	T	66.67
74	A	T	36.26	4	5	0	NO	NOT_PROTECTED	T	60.42	D	45.45	A	60.0	T	37.5	T	50.0	T	41.94	T	32.29	G	35.29	E	76.92
75	G	S	36.01	3	4	0	NO	NOT_PROTECTED	S	48.45	R	33.33	S	33.33	S	50.0	S	50.0	S	58.06	S	34.07	A	41.18	N	76.92
76	G	G	78.82	0	1	0	NO	NOT_PROTECTED	G	86.02	G	66.67	G	100.0	G	50.0	G	50.0	G	95.0	G	75.97	G	91.67		
77	T	T	45.98	1	2	0	NO	NOT_PROTECTED	T	74.75	R	54.17	T	80.0	T	100.0	T	50.0	T	70.97	T	36.2	T	35.29	T	76.92
78	V	F	40.55	3	4	0	NO	NOT_PROTECTED	F	77.78	L	48.0	Y	40.0	Y	50.0	F	50.0	F	51.61	F	34.34	H	64.71	Y	76.92
79	G	P	53.14	1	2	0	NO	NOT_PROTECTED	G	74.75	P	88.0	G	80.0	G	100.0	G	50.0	G	67.74	P	62.47	P	83.33	G	76.92
80	A	A	34.14	2	3	0	NO	NOT_PROTECTED	A	62.63	V	68.0	A	90.0	A	87.5	G	50.0	G	58.06	A	28.15	V	44.44	A	76.92
81	I	V	48.96	1	2	0	NO	NOT_PROTECTED	I	57.58	V	60.0	I	70.0	V	75.0	V	50.0	V	96.77	V	45.74	V	55.56	V	69.23
82	A	A	41.19	1	2	0	NO	NOT_PROTECTED	A	62.63	V	48.0	A	90.0	A	87.5	A	50.0	V	67.74	A	34.72	A	29.41	A	84.62
83	I	W	36.9	2	3	0	NO	NOT_PROTECTED	V	50.51	W	48.0	V	60.0	I	62.5	I	50.0	I	51.61	W	43.31	W	41.18	I	76.92
84	V	G	41.72	2	3	0	NO	NOT_PROTECTED	S	36.36	G	84.0	S	60.0	S	87.5	A	50.0	A	51.61	G	46.36	G	55.56	S	76.92
85	P	P	46.34	1	2	0	NO	NOT_PROTECTED	P	77.78	N	88.0	P	100.0	P	100.0	P	50.0	P	67.74	N	41.99	N	44.44	P	76.92
86	G	G	98.73	0	1	0	NO	NOT_PROTECTED	G	100.0	G	100.0	G	100.0	G	100.0	G	100.0	G	100.0	G	98.3	G	94.44	G	100.0
87	Y	Y	25.52	2	3	0	NO	NOT_PROTECTED	F	65.66	A	48.0	Y	60.0	Y	87.5	Y	50.0	Y	67.74	Y	23.6	F	44.44	Y	76.92
88	T	T	33.49	2	3	0	NO	NOT_PROTECTED	T	35.35	C	48.0	T	80.0	T	100.0	T	50.0	T	67.74	T	28.47	F	27.78	T	76.92
89	A	A	53.83	2	3	0	NO	NOT_PROTECTED	A	47.47	R	48.0	G	50.0	A	75.0	A	100.0	A	64.52	A	56.1	A	38.89	G	76.92
90	R	T	19.9	4	5	0	NO	NOT_PROTECTED	P	38.38	T	50.0	T	60.0	T	37.5	D	50.0	S	38.71	S	20.05	G	29.41	T	76.92
91	Q	Q	19.24	3	4	0	NO	NOT_PROTECTED	Q	41.98	S	43.75	Q	60.0	Q	62.5	K	50.0	Q	33.33	W	21.54	Q	40.0	Q	53.85
92	S	S	28.87	3	4	0	NO	NOT_PROTECTED	S	32.32	N	36.0	S	100.0	S	62.5	S	50.0	S	61.29	P	34.31	P	33.33	A	46.15
93	S	S	35.89	2	3	0	NO	NOT_PROTECTED	S	35.35	D	36.0	S	70.0	S	100.0	S	50.0	S	45.16	S	33.58	G	22.22	S	76.92
94	I	M	19.01	3	4	0	NO	NOT_PROTECTED	I	34.34	E	36.0	I	70.0	M	37.5	L	50.0	M	54.84	M	17.32	I	27.78	I	53.85
95	K	A	26.43	2	3	0	NO	NOT_PROTECTED	A	33.33	L	36.0	S	30.0	A	50.0	A	50.0	S	45.16	A	23.79	A	27.78	A	76.92
96	W	W	44.59	2	3	0	NO	NOT_PROTECTED	W	77.78	T	28.0	W	60.0	W	100.0	W	50.0	W	67.74	W	35.44	S	38.89	W	76.92
97	W	L	54.33	2	3	0	NO	NOT_PROTECTED	L	50.51	L	60.0	W	70.0	L	75.0	L	50.0	Y	35.48	L	56.13	L	77.78	L	76.92
98	G	G	40.45	2	3	0	NO	NOT_PROTECTED	G	77.78	L	44.0	G	100.0	G	100.0	A	50.0	G	67.74	L	44.66	L	61.11	G	76.92
99	P	P	29.76	5	6	0	NO	NOT_PROTECTED	P	70.71	T	48.0	P	40.0	P	62.5	A	50.0	H	45.16	P	23.96	R	33.33	E	76.92
100	R	R	41.6	2	3	0	NO	NOT_PROTECTED	R	67.68	L	36.0	R	100.0	R	100.0	R	50.0	R	61.29	R	32.52	H	61.11	R	76.92
101	L	L	56.32	1	2	0	NO	NOT_PROTECTED	L	79.8	L	64.0	L	90.0	I	50.0	L	100.0	I	48.39	L	53.06	L	50.0	I	76.92
102	A	A	95.22	0	1	0	NO	NOT_PROTECTED	A	100.0	A	100.0	A	100.0	A	87.5	A	100.0	A	100.0	A	92.96	A	100.0	A	100.0
103	S	S	88.38	0	1	0	NO	NOT_PROTECTED	S	96.97	S	64.0	S	90.0	S	100.0	S	100.0	S	100.0	S	86.17	S	83.33	S	100.0
104	H	H	42.04	1	2	0	NO	NOT_PROTECTED	Q	61.62	H	64.0	H	80.0	Q	50.0	H	50.0	Q	61.29	H	42.96	Q	33.33	H	100.0
105	G	G	99.04	0	1	0	NO	NOT_PROTECTED	G	100.0	G	100.0	G	100.0	G	100.0	G	100.0	G	100.0	G	98.53	G	100.0	G	100.0
106	F	F	85.99	0	1	0	NO	NOT_PROTECTED	F	97.98	F	84.0	F	100.0	F	100.0	F	50.0	F	96.77	F	82.72	F	77.78	F	100.0
107	V	V	62.96	1	2	0	NO	NOT_PROTECTED	V	78.79	V	84.0	V	100.0	V	100.0	V	50.0	V	67.74	V	57.04	I	66.67	V	76.92
108	V	V	89.69	0	1	0	NO	NOT_PROTECTED	V	86.87	V	92.0	V	100.0	V	87.5	V	100.0	V	93.55	V	89.63	V	77.78	V	100.0
109	I	I	33.65	4	5	0	NO	NOT_PROTECTED	M	34.34	V	40.0	I	40.0	F	37.5	F	50.0	F	61.29	I	39.46	A	38.89	I	100.0
110	T	A	45.66	2	3	0	NO	NOT_PROTECTED	T	62.63	A	84.0	T	70.0	T	87.5	N	50.0	T	61.29	A	49.75	A	77.78	A	53.85
111	I	I	36.71	2	3	0	NO	NOT_PROTECTED	I	44.44	V	36.0	I	100.0	I	87.5	I	50.0	I	67.74	I	30.62	A	38.89	I	76.92
112	D	D	30.27	3	4	0	NO	NOT_PROTECTED	E	34.34	G	48.0	D	100.0	D	75.0	D	50.0	D	67.74	D	23.46	N	22.22	D	76.92
113	T	T	53.31	0	1	0	NO	NOT_PROTECTED	T	82.65	T	48.0	T	100.0	T	100.0	T	50.0	T	70.97	T	42.35	T	46.67	T	76.92
114	N	N	26.19	3	4	0	NO	NOT_PROTECTED	N	35.35	F	28.0	N	70.0	N	100.0	L	91.67	N	35.48	N	22.53	P	22.22	N	53.85
115	S	T	54.84	1	2	0	NO	NOT_PROTECTED	T	48.05	S	66.67	T	60.0	T	62.5	T	100.0	T	95.24	T	48.52	T	50.0	T	100.0
116	T	R	31.33	2	3	0	NO	NOT_PROTECTED	L	35.06	R	66.67	T	50.0	R	50.0	R	100.0	R	90.48	R	27.46	T	75.0	T	100.0
117	L	Y	24.88	3	4	0	NO	NOT_PROTECTED	L	38.27	T	46.67	L	50.0	Y	50.0	L	50.0	Y	63.33	Y	29.36	D	33.33	L	76.92
118	D	D	65.7	1	2	0	NO	NOT_PROTECTED	D	88.89	E	60.0	D	100.0	D	100.0	D	58.33	D	70.0	D	57.98	D	42.86	D	76.92
119	Q	Q	51.45	1	2	0	NO	NOT_PROTECTED	Q	51.85	N	60.0	Q	100.0	Q	87.5	Q	50.0	Q	66.67	Q	47.48	Q	42.86	Q	76.92
120	P	P	46.37	2	3	0	NO	NOT_PROTECTED	P	77.55	G	48.0	P	100.0	P	100.0	P	50.0	P	64.52	P	36.65	N	28.57	P	76.92
121	S	D	20.23	3	4	1	YES	NOT_PROTECTED	A	30.61	S	48.0	D	60.0	D	87.5	D	50.0	D	38.71	T	24.03	S	28.57	D	76.92
122	S	S	38.9	2	3	0	NO	NOT_PROTECTED	S	37.76	P	36.0	S	100.0	S	100.0	S	50.0	S	64.52	S	35.31	N	35.71	S	76.92
123	R	R	48.0	2	3	0	NO	NOT_PROTECTED	R	78.57	S	28.0	R	100.0	R	100.0	R	50.0	R	67.74	R	38.05	F	21.43	R	76.92
124	S	G	57.88	1	2	0	NO	NOT_PROTECTED	G	63.27	G	48.0	A	70.0	A	50.0	G	50.0	G	64.52	G	60.71	G	50.0	A	92.31
125	S	R	27.53	4	5	0	NO	NOT_PROTECTED	D	31.63	A	20.0	S	40.0	D	50.0	R	50.0	R	64.52	R	25.51	I	28.57	R	53.85
126	Q	Q	48.24	2	3	0	NO	NOT_PROTECTED	Q	72.73	V	36.0	Q	100.0	Q	100.0	Q	50.0	Q	67.74	Q	40.98	D	33.33	Q	76.92
127	Q	L	52.24	1	2	0	NO	NOT_PROTECTED	L	76.77	M	36.0	L	70.0	L	100.0	L	100.0	L	77.42	L	42.2	M	44.44	L	100.0
128	M	L	43.61	4	5	0	NO	NOT_PROTECTED	L	59.6	L	52.0	M	30.0	Q	25.0	L	100.0	E	35.48	L	43.9	L	33.33	N	76.92
129	A	A	60.38	1	2	0	NO	NOT_PROTECTED	A	79.8	D	44.0	A	100.0	A	100.0	A	100.0	A	48.39	A	54.39	A	66.67	A	69.23
130	A	A	71.41	1	2	0	NO	NOT_PROTECTED	A	80.81	G	48.0	A	100.0	A	100.0	A	100.0	A	93.55	A	67.8	G	44.44	A	100.0
131	L	L	54.79	1	2	0	NO	NOT_PROTECTED	L	82.83	I	52.0	L	100.0	L	100.0	L	50.0	L	70.97	L	46.34	L	66.67	L	76.92
132	R	D	64.06	1	2	0	NO	NOT_PROTECTED	D	89.9	T	48.0	D	60.0	D	75.0	D	50.0	D	100.0	D	57.8	D	55.56	D	76.92
133	Q	Y	46.49	1	2	0	NO	NOT_PROTECTED	Y	68.69	W	52.0	Y	70.0	Y	75.0	Y	50.0	Y	64.52	Y	40.73	Y	27.78	Y	53.85
134	V	L	66.29	2	3	0	NO	NOT_PROTECTED	L	88.89	L	48.0	V	40.0	L	62.5	L	50.0	L	67.74	L	64.39	L	83.33	M	76.92
135	A	T	27.88	3	4	0	NO	NOT_PROTECTED	T	69.7	I	40.0	A	40.0	V	62.5	T	100.0	V	64.52	V	32.35	T	61.11	I	53.85
136	S	A	23.79	6	7	0	NO	NOT_PROTECTED	Q	28.28	R	40.0	T	30.0	D	37.5	E	58.33	E	48.39	A	29.31	T	38.89	N	53.85
137	L	E	34.29	3	4	0	NO	NOT_PROTECTED	E	31.82	E	100.0	Q	55.56	D	66.67	S	100.0	E	80.0	E	30.85	E	26.67	D	53.85
138	N	N	67.61	1	2	0	NO	NOT_PROTECTED	N	68.18	N	100.0	N	57.14			K	66.67	N	90.0	N	64.21	N	93.33	N	100.0
139	G	A	27.52	4	5	0	NO	NOT_PROTECTED	A	40.91	S	38.1	G	55.56	A	66.67	Q	100.0	T	40.0	A	27.78	G	38.46	A	76.92
140	T	R	31.63	2	3	0	NO	NOT_PROTECTED	R	34.34	R	83.33	S	50.0	S	50.0	R	50.0	D	58.06	D	40.05	R	33.33	S	76.92
141	S	S	88.65	0	1	0	NO	NOT_PROTECTED	S	92.78	S	95.83	S	90.0	S	100.0	S	50.0	S	96.77	S	87.09	S	88.89	S	100.0
142	S	P	26.96	4	5	0	NO	NOT_PROTECTED	P	33.33	E	20.83	S	80.0	S	37.5	S	50.0	D	38.71	P	29.47	P	33.33	A	38.46
143	S	A	32.81	1	2	0	NO	NOT_PROTECTED	A	87.5			S	83.33	S	100.0					A	26.53				
144	P	T	56.25	3	4	0	NO	NOT_PROTECTED	A	75.0			P	83.33	G	50.0					T	70.83				
145	I	V	37.06	3	4	0	NO	NOT_PROTECTED	V	69.7	L	36.0	I	80.0	V	87.5	V	50.0	V	67.74	F	32.84	F	38.89	V	76.92
146	Y	R	37.02	2	3	0	NO	NOT_PROTECTED	R	50.51	R	60.0	Y	50.0	R	50.0	R	50.0	R	38.71	R	30.39	A	33.33	R	100.0
147	G	G	38.3	2	3	0	NO	NOT_PROTECTED	D	23.23	D	36.0	G	30.0	D	62.5	G	100.0	D	64.52	G	41.42	G	66.67	S	46.15
148	K	R	56.73	1	2	0	NO	NOT_PROTECTED	R	83.84	R	48.0	K	50.0	R	62.5	R	100.0	R	58.06	R	49.26	R	50.0	R	84.62
149	V	I	42.26	1	2	0	NO	NOT_PROTECTED	I	54.55	I	56.0	V	80.0	I	75.0	V	50.0	V	64.52	I	39.42	V	61.11	I	76.92
150	D	D	88.52	0	1	0	NO	NOT_PROTECTED	D	98.99	D	96.0	D	100.0	D	100.0	D	100.0	D	100.0	D	83.45	D	88.89	D	100.0
151	T	T	29.9	4	5	0	NO	NOT_PROTECTED	A	32.32	T	48.0	T	50.0	R	25.0	A	50.0	G	45.16	T	31.77	T	38.89	S	46.15
152	A	S	23.51	5	6	0	NO	NOT_PROTECTED	S	39.39	R	20.83	S	60.0	N	37.5	T	91.67	D	74.19	T	24.14	A	22.22	S	76.92
153	R	R	64.33	0	1	0	NO	NOT_PROTECTED	R	82.83	R	56.0	R	100.0	R	100.0	R	100.0	R	74.19	R	57.77	R	38.89	R	76.92
154	M	L	43.47	1	2	0	NO	NOT_PROTECTED	L	64.65	I	48.0	L	50.0	L	100.0	L	50.0	L	64.52	L	36.41	L	38.89	L	76.92
155	G	A	49.04	1	2	0	NO	NOT_PROTECTED	A	60.61	G	68.0	G	50.0	A	87.5	G	100.0	A	93.55	G	44.9	G	72.22	A	100.0
156	V	V	55.41	0	1	0	NO	NOT_PROTECTED	V	74.75	V	56.0	V	70.0	V	87.5	V	100.0	V	77.42	V	46.12	V	38.89	V	100.0
157	M	M	38.38	2	3	0	NO	NOT_PROTECTED	M	58.59	A	44.0	M	40.0	M	87.5	M	50.0	M	96.77	M	28.4	S	38.89	M	100.0
158	G	G	99.36	0	1	0	NO	NOT_PROTECTED	G	100.0	G	100.0	G	100.0	G	100.0	G	100.0	G	100.0	G	99.03	G	100.0	G	100.0
159	W	H	79.39	0	1	0	NO	NOT_PROTECTED	H	86.87	H	88.0	H	60.0	H	100.0	H	100.0	H	70.97	H	76.83	H	88.89	H	76.92
160	S	S	98.57	0	1	0	NO	PROTECTED	S	100.0	S	100.0	S	80.0	S	100.0	S	100.0	S	100.0	S	98.3	S	100.0	S	100.0
161	M	M	49.12	1	2	0	NO	NOT_PROTECTED	M	75.76	C	48.0	M	100.0	M	100.0	M	50.0	M	67.74	M	40.63	M	50.0	M	76.92
162	G	G	99.68	0	1	0	NO	NOT_PROTECTED	G	100.0	G	100.0	G	100.0	G	100.0	G	100.0	G	100.0	G	99.51	G	100.0	G	100.0
163	G	G	84.66	0	1	0	NO	NOT_PROTECTED	G	100.0	G	100.0	G	100.0	G	100.0	G	100.0	G	100.0	G	76.59	G	100.0	G	100.0
164	G	G	63.3	0	1	0	NO	NOT_PROTECTED	G	79.8	G	40.0	G	100.0	G	100.0	G	50.0	G	67.74	G	58.82	G	61.11	G	76.92
165	G	G	64.64	1	2	0	NO	NOT_PROTECTED	G	90.91	G	52.0	G	100.0	G	100.0	G	50.0	G	67.74	G	58.92	A	61.11	G	76.92
166	S	T	39.3	2	3	0	NO	NOT_PROTECTED	T	52.53	A	76.0	S	70.0	T	100.0	T	50.0	T	90.32	A	31.71	A	66.67	T	92.31
167	L	L	60.22	0	1	0	NO	NOT_PROTECTED	L	77.78	L	48.0	L	100.0	L	100.0	L	100.0	L	64.52	L	52.93	L	61.11	L	76.92
168	I	E	30.99	3	4	0	NO	NOT_PROTECTED	E	52.53	V	40.0	R	30.0	R	50.0	E	50.0	A	61.29	E	27.8	V	27.78	R	76.92
169	S	A	68.9	2	3	0	NO	NOT_PROTECTED	A	87.88	A	84.0	L	40.0	A	62.5	A	100.0	V	48.39	A	66.91	A	83.33	L	76.92
170	A	A	64.08	2	3	0	NO	NOT_PROTECTED	A	71.72	G	62.5	A	90.0	A	75.0	V	50.0	A	90.32	A	61.98	A	62.5	A	100.0
171	A	A	24.88	4	5	0	NO	NOT_PROTECTED	A	25.25	A	70.83	R	40.0	S	50.0	T	50.0	D	58.06	A	25.37	A	37.5	S	76.92
172	N	D	33.79	3	4	0	NO	NOT_PROTECTED	D	34.62	D	25.0	D	50.0	E	37.5	D	100.0	D	85.71	D	29.03	R	40.0	Q	100.0
173	N	R	43.78	2	3	0	NO	NOT_PROTECTED	R	66.67	D	84.0	N	60.0	R	62.5	R	50.0	R	61.29	R	37.15	D	55.56	R	76.92
174	P	P	71.72	0	1	0	NO	NOT_PROTECTED	P	73.74	P	92.0	P	100.0	P	100.0	P	100.0	P	100.0	P	63.44	P	66.67	P	100.0
175	S	R	28.09	3	4	0	NO	NOT_PROTECTED	S	43.43	R	56.0	S	60.0	D	37.5	S	50.0	E	58.06	R	28.75	R	55.56	D	76.92
176	L	L	43.47	1	2	0	NO	NOT_PROTECTED	L	73.74	V	64.0	L	60.0	L	87.5	L	41.67	L	67.74	L	34.95	V	61.11	L	76.92
177	K	K	31.69	2	3	0	NO	NOT_PROTECTED	K	49.49	K	52.0	K	60.0	K	50.0	R	50.0	R	45.16	K	26.7	D	38.89	K	76.92
178	A	A	54.46	2	3	0	NO	NOT_PROTECTED	A	81.82	S	40.0	A	100.0	A	100.0	A	100.0	A	67.74	A	46.12	T	44.44	A	76.92
179	A	A	49.6	1	2	0	NO	NOT_PROTECTED	A	61.62	V	44.0	A	100.0	A	100.0	A	50.0	A	67.74	A	44.28	A	50.0	A	76.92
180	A	V	43.29	2	3	0	NO	NOT_PROTECTED	I	52.53	L	28.0	I	70.0	I	87.5	V	50.0	I	64.52	V	49.51	V	27.78	I	76.92
181	P	P	61.18	0	1	0	NO	NOT_PROTECTED	P	87.88	P	40.0	P	90.0	P	100.0	P	50.0	P	70.97	P	53.41	P	66.67	P	76.92
182	Q	L	45.85	1	2	0	NO	NOT_PROTECTED	L	70.71	L	52.0	L	40.0	L	87.5	L	50.0	L	64.52	L	36.34	I	44.44	L	76.92
183	A	A	37.7	3	4	0	NO	NOT_PROTECTED	A	52.53	D	28.0	A	70.0	T	75.0	T	50.0	T	64.52	A	40.98	Q	27.78	T	76.92
184	P	P	54.56	1	2	0	NO	NOT_PROTECTED	P	92.93	S	48.0	P	90.0	P	75.0	P	50.0	P	64.52	P	43.52	P	55.56	P	76.92
185	W	W	63.21	0	1	0	NO	NOT_PROTECTED	W	93.51	W	66.67	W	100.0	W	100.0	W	100.0	W	95.24	W	46.99	W	75.0	W	100.0
186	D	N	29.82	2	3	1	YES	NOT_PROTECTED	D	42.86	N	33.33	N	33.33	H	87.5	N	100.0	H	95.24	N	30.28	N	75.0	H	100.0
187	S	L	23.44	3	4	0	NO	NOT_PROTECTED	L	37.11	A	44.0	S	50.0	L	75.0	L	50.0	T	58.06	L	19.19	A	33.33	L	76.92
188	S	D	41.79	3	4	0	NO	NOT_PROTECTED	D	24.24	D	68.0	S	50.0	D	50.0	D	66.67	Q	54.84	D	44.86	D	50.0	N	76.92
189	T	K	31.81	3	4	0	NO	NOT_PROTECTED	K	33.33	G	36.0	T	40.0	K	100.0	K	50.0	K	61.29	K	27.96	P	27.78	K	76.92
190	N	S	19.22	4	5	0	NO	NOT_PROTECTED	N	31.58	T	30.77	A	30.0	T	50.0	T	100.0	R	27.27	S	18.54	S	41.18	N	60.0
191	F	W	68.62	1	2	0	NO	NOT_PROTECTED	W	49.35	W	50.0	F	80.0	W	75.0	W	100.0	W	85.71	W	75.5	W	100.0	W	100.0
192	S	S	32.01	3	4	0	NO	NOT_PROTECTED	S	38.78	N	24.0	R	40.0	S	50.0	R	50.0	S	44.83	S	30.2	P	23.53	S	46.15
193	S	G	21.01	5	6	0	NO	NOT_PROTECTED	N	23.46	K	37.5	S	60.0	N	25.0	G	75.0	D	50.0	G	23.97	L	50.0	S	46.15
194	V	V	40.55	1	2	0	NO	NOT_PROTECTED	V	67.5	L	81.25	V	70.0	V	85.71	V	50.0	L	50.0	L	38.13	V	75.0	V	46.15
195	T	R	27.8	4	5	0	NO	NOT_PROTECTED	R	54.55	H	60.0	T	30.0	Q	75.0	H	50.0	E	32.26	R	24.74	R	27.78	T	53.85
196	V	V	40.32	1	2	0	NO	NOT_PROTECTED	V	47.47	T	36.0	V	80.0	V	87.5	T	100.0	V	58.06	V	38.12	T	22.22	V	76.92
197	P	P	90.84	0	1	0	NO	NOT_PROTECTED	P	96.97	P	100.0	P	100.0	P	100.0	P	100.0	P	100.0	P	87.19	P	88.89	P	100.0
198	T	T	53.14	2	3	0	NO	NOT_PROTECTED	T	82.83	A	28.0	T	100.0	T	87.5	T	100.0	T	67.74	T	44.2	V	44.44	T	76.92
199	L	L	48.31	0	1	0	NO	NOT_PROTECTED	L	50.51	L	56.0	L	70.0	L	75.0	L	100.0	L	38.71	L	44.69	L	44.44	L	76.92
200	I	I	36.23	2	3	0	NO	NOT_PROTECTED	I	60.61	F	76.0	I	90.0	I	75.0	I	50.0	I	41.94	I	29.63	Y	38.89	I	76.92
201	F	I	33.55	2	3	0	NO	NOT_PROTECTED	I	43.43	V	32.0	F	50.0	I	50.0	I	50.0	I	51.61	I	29.95	V	44.44	I	76.92
202	A	G	39.52	2	3	0	NO	NOT_PROTECTED	G	64.65	D	36.0	G	60.0	G	100.0	G	50.0	G	67.74	G	29.21	A	38.89	G	76.92
203	C	G	69.24	2	3	0	NO	NOT_PROTECTED	A	51.52	G	92.0	C	70.0	A	100.0	A	50.0	A	67.74	G	80.99	G	83.33	A	76.92
204	E	E	26.94	3	4	0	NO	NOT_PROTECTED	Q	38.38	G	48.0	E	70.0	E	87.5	G	50.0	E	64.52	E	26.67	Q	41.18	D	61.54
205	N	N	30.02	4	5	0	NO	NOT_PROTECTED	N	44.44	P	48.0	N	50.0	D	37.5	P	50.0	N	64.52	N	26.78	R	22.22	L	61.54
206	D	D	87.34	0	1	0	NO	PROTECTED	D	95.96	D	52.0	D	100.0	D	100.0	D	100.0	D	77.42	D	86.76	D	100.0	D	84.62
207	S	T	23.06	2	3	0	NO	NOT_PROTECTED	T	33.33	D	48.0	S	70.0	T	62.5	T	50.0	S	48.39	S	20.54	T	44.44	T	76.92
208	I	I	47.88	1	2	0	NO	NOT_PROTECTED	I	65.66	V	60.0	I	80.0	I	75.0	V	91.67	I	54.84	I	42.71	I	38.89	I	100.0
209	A	A	66.72	0	1	0	NO	NOT_PROTECTED	A	78.79	A	56.0	A	100.0	A	100.0	A	100.0	A	93.55	A	59.61	A	50.0	A	100.0
210	P	P	33.28	2	3	0	NO	NOT_PROTECTED	P	57.73	Y	40.0	P	70.0	P	50.0	P	50.0	S	61.29	S	29.35	P	38.89	P	61.54
211	V	V	34.03	1	2	0	NO	NOT_PROTECTED	V	44.9	P	48.0	V	90.0	V	87.5	V	50.0	V	51.61	P	37.04	P	44.44	V	76.92
212	N	A	22.74	4	5	0	NO	NOT_PROTECTED	A	38.78	N	48.0	R	30.0	T	25.0	N	50.0	R	51.61	S	23.95	A	61.11	N	23.08
213	S	S	34.36	2	3	0	NO	NOT_PROTECTED	S	42.68	S	57.89	S	90.0	T	50.0	S	100.0	S	40.0	S	27.81	A	33.33	T	46.15
214	S	H	46.25	2	3	0	NO	NOT_PROTECTED	H	48.42	Y	33.33	H	60.0	H	100.0	H	100.0	H	95.24	H	40.06	L	29.41	H	100.0
215	A	S	32.09	2	3	0	NO	NOT_PROTECTED	A	46.32	V	76.92	A	60.0	A	50.0	A	83.33	S	72.73	S	30.3	V	41.18	A	60.0
216	L	E	24.02	4	5	0	NO	NOT_PROTECTED	E	44.21	R	30.77	I	40.0	E	62.5	V	100.0	I	86.36	E	20.8	R	35.29	K	50.0
217	P	P	49.12	1	2	0	NO	NOT_PROTECTED	P	58.95	P	46.15	P	100.0	P	87.5	P	100.0	P	90.91	P	40.24	R	23.53	P	100.0
218	I	F	51.56	1	2	0	NO	NOT_PROTECTED	F	67.37	R	53.85	F	60.0	F	87.5	F	100.0	F	68.18	F	45.05	F	23.53	F	100.0
219	Y	Y	83.8	0	1	0	NO	NOT_PROTECTED	Y	94.95	Y	72.0	Y	100.0	Y	100.0	Y	100.0	Y	83.87	Y	80.3	Y	94.12	Y	76.92
220	D	N	25.04	4	5	0	NO	NOT_PROTECTED	N	25.25	D	36.0	N	90.0	E	50.0	T	50.0	E	70.97	N	26.52	R	23.53	N	76.92
221	S	S	36.17	3	4	0	NO	NOT_PROTECTED	S	46.46	L	48.0	A	40.0	S	87.5	S	50.0	S	61.29	S	31.57	D	23.53	S	76.92
222	M	L	39.37	2	3	0	NO	NOT_PROTECTED	L	46.46	A	40.0	I	50.0	L	75.0	L	100.0	L	83.87	L	31.89	L	29.41	L	69.23
223	S	A	25.78	2	3	0	NO	NOT_PROTECTED	A	32.97	D	50.0	S	40.0	S	57.14	S	100.0	S	29.03	A	28.37	S	40.0	S	61.54
224	R	S	25.42	3	4	1	YES	NOT_PROTECTED	A	48.39	T	44.0	S	80.0	S	71.43	S	50.0	S	32.26	S	23.91	P	27.78	S	69.23
225	N	V	20.26	5	6	0	NO	NOT_PROTECTED	P	32.32	V	72.0	T	50.0	L	50.0	L	50.0	L	87.1	A	23.19	V	33.33	I	46.15
226	A	P	42.47	3	4	0	NO	NOT_PROTECTED	E	62.63	P	76.0	D	40.0	D	50.0	D	50.0	D	48.39	P	46.81	P	61.11	S	46.15
227	K	K	53.3	1	2	0	NO	NOT_PROTECTED	K	67.68	A	84.0	K	100.0	K	100.0	K	50.0	A	38.71	K	54.57	A	44.44	K	76.92
228	Q	A	53.29	1	2	0	NO	NOT_PROTECTED	A	74.75	V	56.0	A	60.0	A	87.5	A	100.0	A	61.29	A	46.96	A	33.33	A	76.92
229	F	Y	54.06	0	1	0	NO	NOT_PROTECTED	Y	85.86	Y	40.0	Y	70.0	Y	100.0	Y	50.0	Y	70.97	Y	42.7	Y	55.56	Y	76.92
230	L	L	34.67	1	2	0	NO	NOT_PROTECTED	L	56.57	A	44.0	L	50.0	L	75.0	L	50.0	L	51.61	A	32.43	L	27.78	L	76.92
231	E	E	56.99	0	1	0	NO	NOT_PROTECTED	E	80.0	E	40.91	E	90.0	E	100.0	E	50.0	E	95.45	E	46.4	E	55.56	E	100.0
232	I	L	57.44	3	4	0	NO	NOT_PROTECTED	L	73.74	N	44.0	I	70.0	L	100.0	L	50.0	L	67.74	L	54.48	V	22.22	L	76.92
233	N	N	17.61	4	5	1	YES	NOT_PROTECTED	A	33.33	P	28.0	N	40.0	D	62.5	N	50.0	R	41.94	N	19.85	R	50.0	D	61.54
234	G	G	59.13	1	2	0	NO	NOT_PROTECTED	G	49.49	G	48.0	G	70.0	G	87.5	A	50.0	G	61.29	G	61.29	G	77.78	G	61.54
235	G	A	66.13	1	2	0	NO	NOT_PROTECTED	A	80.81	A	72.0	G	40.0	A	100.0	A	100.0	A	64.52	A	60.85	A	72.22	A	76.92
236	S	G	36.7	2	3	0	NO	NOT_PROTECTED	G	40.4	G	56.0	S	50.0	S	75.0	G	50.0	S	51.61	G	36.52	G	27.78	T	61.54
237	H	H	99.2	0	1	0	NO	PROTECTED	H	100.0	H	100.0	H	100.0	H	100.0	H	100.0	H	100.0	H	99.02	H	94.44	H	100.0
238	S	F	46.55	0	1	0	NO	NOT_PROTECTED	F	51.52	F	44.0	F	60.0	F	100.0	F	50.0	F	70.97	F	42.26	F	22.22	F	76.92
239	C	A	21.84	4	5	0	NO	NOT_PROTECTED	T	40.21	F	40.0	C	70.0	A	100.0	A	50.0	A	61.29	F	18.59	S	26.67	A	76.92
240	A	P	60.78	3	4	0	NO	NOT_PROTECTED	F	44.16	Y	66.67	A	40.0	P	100.0	P	50.0	P	95.24	P	65.36	P	60.0	P	100.0
241	N	N	27.8	1	2	0	NO	NOT_PROTECTED	N	30.61	G	58.33	N	70.0	N	87.5	N	50.0	N	61.29	G	28.97	G	40.0	N	76.92
242	S	T	24.75	5	6	0	NO	NOT_PROTECTED	S	24.24	Q	29.17	S	40.0	T	37.5	T	50.0	E	29.03	T	28.1	D	33.33	I	76.92
243	G	P	27.48	4	5	0	NO	NOT_PROTECTED	P	31.31	R	50.0	G	60.0	S	37.5	T	50.0	S	54.84	P	27.75	S	44.44	P	69.23
244	N	N	50.0	2	3	0	NO	NOT_PROTECTED	N	71.72	D	37.5	N	60.0	N	75.0	N	100.0	N	80.65	N	41.98	G	44.44	N	100.0
245	S	G	44.0	1	2	0	NO	NOT_PROTECTED	G	80.0	G	83.33	G	42.86					G	100.0	G	37.18	I	50.0	G	100.0
246	N	Q	38.36	2	3	0	NO	NOT_PROTECTED	Q	100.0	P	100.0	H	42.86							Q	38.33	Q	100.0		
247	Q	Q	19.0	4	5	0	NO	NOT_PROTECTED	L	100.0	R	90.0	D	57.14			A	100.0			Q	24.29	L	50.0		
248	A	T	47.55	3	4	0	NO	NOT_PROTECTED	T	61.54	E	69.23	A	50.0	T	62.5	T	100.0	T	95.24	T	40.49	T	33.33	K	100.0
249	L	T	32.34	3	4	0	NO	NOT_PROTECTED	T	58.59	E	48.0	T	50.0	T	75.0	T	50.0	T	32.26	T	25.96	D	18.75	I	46.15
250	I	I	28.71	2	3	0	NO	NOT_PROTECTED	I	58.59	A	40.0	I	50.0	I	100.0	I	50.0	I	61.29	F	27.81	F	25.0	I	76.92
251	G	A	43.14	2	3	0	NO	NOT_PROTECTED	A	65.66	V	40.0	G	80.0	A	62.5	G	50.0	A	67.74	A	41.18	A	31.25	G	100.0
252	K	K	37.4	2	3	0	NO	NOT_PROTECTED	K	64.65	G	40.0	K	90.0	K	62.5	K	50.0	R	51.61	K	30.28	G	43.75	K	46.15
253	K	Y	43.66	2	3	0	NO	NOT_PROTECTED	Y	64.65	V	60.0	Y	60.0	Y	100.0	Y	50.0	Y	58.06	Y	38.08	P	38.89	Y	76.92
254	G	S	21.99	4	5	0	NO	NOT_PROTECTED	S	33.33	L	48.0	G	70.0	S	75.0	A	100.0	S	61.29	S	15.48	T	50.0	S	76.92
255	V	T	34.62	2	3	0	NO	NOT_PROTECTED	I	57.58	V	40.0	V	50.0	I	75.0	V	50.0	I	64.52	T	41.91	T	61.11	V	92.31
256	A	A	56.41	1	2	0	NO	NOT_PROTECTED	A	51.52	A	48.0	S	60.0	A	50.0	A	50.0	S	61.29	A	60.29	A	44.44	A	76.92
257	W	W	91.99	0	1	0	NO	NOT_PROTECTED	W	100.0	W	100.0	W	100.0	W	100.0	W	100.0	W	100.0	W	87.99	W	94.44	W	100.0
258	M	L	60.97	2	3	0	NO	NOT_PROTECTED	L	50.51	F	52.0	M	70.0	L	87.5	M	50.0	L	96.77	L	62.87	L	55.56	L	100.0
259	K	K	53.39	2	3	0	NO	NOT_PROTECTED	K	81.82	D	36.0	K	100.0	K	100.0	K	50.0	K	80.65	K	44.06	R	44.44	K	100.0
260	R	R	39.55	1	2	0	NO	NOT_PROTECTED	R	76.77	F	52.0	R	90.0	R	87.5	R	50.0	R	58.06	R	28.18	F	33.33	R	76.92
261	F	F	33.71	1	2	0	NO	NOT_PROTECTED	F	47.47	T	36.0	F	90.0	F	75.0	F	50.0	F	67.74	F	25.69	T	27.78	F	76.92
262	M	L	55.56	1	2	0	NO	NOT_PROTECTED	V	45.45	L	92.0	V	50.0	V	100.0	L	50.0	V	64.52	L	63.7	L	83.33	V	76.92
263	D	D	44.81	2	3	0	NO	NOT_PROTECTED	D	76.77	N	36.0	D	100.0	D	100.0	D	50.0	D	67.74	D	34.53	M	27.78	D	76.92
264	N	G	40.74	2	3	0	NO	NOT_PROTECTED	N	39.39	G	76.0	N	40.0	N	62.5	D	50.0	D	38.71	G	45.93	G	44.44	N	46.15
265	D	D	91.8	0	1	0	NO	NOT_PROTECTED	D	98.99	D	64.0	D	100.0	D	100.0	D	100.0	D	100.0	D	90.39	D	88.89	D	100.0
266	T	T	40.35	2	3	0	NO	NOT_PROTECTED	T	64.65	R	28.0	T	80.0	T	100.0	T	50.0	E	29.03	T	33.99	T	38.89	T	76.92
267	R	A	46.62	1	2	0	NO	NOT_PROTECTED	R	77.78	A	76.0	R	100.0	R	100.0	R	50.0	R	67.74	A	54.68	A	55.56	R	76.92
268	Y	Y	44.93	1	2	0	NO	NOT_PROTECTED	Y	77.78	R	56.0	Y	100.0	Y	87.5	Y	50.0	Y	70.97	Y	34.32	R	61.11	Y	76.92
269	S	A	19.43	5	6	0	NO	NOT_PROTECTED	D	40.82	A	32.0	S	60.0	T	37.5	A	50.0	E	45.16	A	21.76	G	42.86	T	76.92
270	T	Q	36.11	3	4	0	NO	NOT_PROTECTED	Q	59.18	Y	32.0	P	50.0	Q	87.5	R	75.0	Q	64.52	Q	27.18	Q	28.57	Q	100.0
271	F	F	88.02	0	1	0	NO	NOT_PROTECTED	F	97.96	F	100.0	F	100.0	F	100.0	F	100.0	F	100.0	F	83.59	F	57.14	F	100.0
272	A	L	46.59	1	2	0	NO	NOT_PROTECTED	L	77.55	L	48.0	L	60.0	L	87.5	L	50.0	L	70.97	L	35.13	F	50.0	L	76.92
273	C	C	44.0	1	2	0	NO	NOT_PROTECTED	C	78.57	G	88.0	C	100.0	C	100.0	C	50.0	C	67.74	G	43.96	G	64.29	C	76.92
274	E	P	60.83	1	2	0	NO	NOT_PROTECTED	P	90.91	P	56.52	G	70.0	P	87.5	P	100.0	P	77.42	P	50.64	P	55.56	P	92.31
275	N	A	38.67	3	4	0	NO	NOT_PROTECTED	A	51.95	A	33.33	A	50.0	G	50.0	G	100.0	P	57.14	A	37.89	L	75.0	G	100.0
276	P	P	82.35	0	1	0	NO	NOT_PROTECTED	P	98.68	P	66.67	P	40.0	P	87.5	P	100.0	P	95.24	P	73.81	P	100.0	P	100.0
277	N	S	17.41	4	5	0	NO	NOT_PROTECTED	S	20.83	S	42.86	H	40.0	S	42.86	S	50.0	R	42.11	G	17.7	T	25.0	R	100.0
278	S	N	18.93	5	6	0	NO	NOT_PROTECTED	S	32.35	T	43.48	S	50.0	F	71.43	E	100.0	G	48.39	N	27.73	S	36.36	F	46.15
279	T	S	18.01	5	6	0	NO	NOT_PROTECTED	S	22.08	P	38.89	S	40.0	S	50.0	L	50.0	T	50.0	T	19.03	D	21.43	G	60.0
280	R	A	18.4	5	6	1	YES	NOT_PROTECTED	T	29.9	G	52.0	Y	30.0	D	87.5	G	50.0	D	70.97	A	21.93	T	45.45	E	53.85
281	V	I	54.7	2	3	0	NO	NOT_PROTECTED	I	70.13	I	100.0	V	30.0	I	50.0	V	100.0	F	76.19	I	58.49	I	100.0	V	100.0
282	S	S	33.39	1	2	0	NO	NOT_PROTECTED	S	44.44	S	48.0	S	40.0	S	62.5	E	50.0	S	70.97	S	27.93	S	38.89	E	61.54
283	D	E	30.75	3	4	0	NO	NOT_PROTECTED	E	41.05	A	38.46	E	40.0	E	62.5	E	100.0	D	95.45	E	26.57	S	16.67	E	100.0
284	F	Y	40.07	2	3	0	NO	NOT_PROTECTED	Y	67.68	V	72.0	Y	40.0	Y	87.5	Y	50.0	Y	67.74	Y	31.41	A	27.78	Y	76.92
285	R	R	44.61	2	3	0	NO	NOT_PROTECTED	R	56.57	T	24.0	R	60.0	R	87.5	R	50.0	R	77.42	R	38.89	E	22.22	R	76.92
286	T	D	19.67	2	3	0	NO	NOT_PROTECTED	D	44.44	R	36.0	S	40.0	S	37.5	S	91.67	D	58.06	R	19.54	R	38.89	S	76.92
287	A	T	36.21	3	4	0	NO	NOT_PROTECTED	T	64.65	K	48.0	T	50.0	T	87.5	T	50.0	S	41.94	T	29.71	N	81.25	T	76.92
288	N	N	36.56	3	4	0	NO	NOT_PROTECTED	A	63.64	N	59.09	N	100.0	N	100.0	G	100.0	N	90.0	N	34.54	L	38.46	N	100.0
289	C	C	69.43	2	3	0	NO	NOT_PROTECTED	C	82.8	V	36.36	C	100.0	C	100.0	C	100.0	C	95.45	C	61.32	Y	28.57	C	100.0
290	S	P	77.39	0	1	0	NO	NOT_PROTECTED	P	86.96	P	60.0	P	80.0	P	87.5	P	100.0	P	100.0	P	70.1	P	64.29	P	100.0
