analysis_type	condition	replicate_if_applicable	metric	value	comparison_baseline	source_file
redundancy_sensitivity	100pct	NA	retained_sequences	623.0	628	block_b_evolutionary_robustness.json
redundancy_sensitivity	100pct	NA	spearman_rho_gcon	0.9996232265181604	baseline_atlas	block_b_evolutionary_robustness.json
redundancy_sensitivity	100pct	NA	median_abs_gcon_change	0.2424183199402563	baseline_atlas	block_b_evolutionary_robustness.json
redundancy_sensitivity	100pct	NA	p95_abs_gcon_change	0.5089237041351177	baseline_atlas	block_b_evolutionary_robustness.json
redundancy_sensitivity	100pct	NA	global_consensus_agreement	0.996551724137931	baseline_atlas	block_b_evolutionary_robustness.json
redundancy_sensitivity	100pct	NA	exact_fvi_agreement	0.9517241379310345	baseline_atlas	block_b_evolutionary_robustness.json
redundancy_sensitivity	100pct	NA	fvi_binary_classification_agreement	1.0	baseline_atlas	block_b_evolutionary_robustness.json
redundancy_sensitivity	100pct	NA	spearman_rho_fvi	0.989487507270368	baseline_atlas	block_b_evolutionary_robustness.json
redundancy_sensitivity	100pct	NA	high_fvi_overlap	0.9702970297029703	baseline_atlas	block_b_evolutionary_robustness.json
redundancy_sensitivity	95pct	NA	retained_sequences	580.0	628	block_b_evolutionary_robustness.json
redundancy_sensitivity	95pct	NA	spearman_rho_gcon	0.9984076615295303	baseline_atlas	block_b_evolutionary_robustness.json
redundancy_sensitivity	95pct	NA	median_abs_gcon_change	0.7143564813796424	baseline_atlas	block_b_evolutionary_robustness.json
redundancy_sensitivity	95pct	NA	p95_abs_gcon_change	1.7705758027926852	baseline_atlas	block_b_evolutionary_robustness.json
redundancy_sensitivity	95pct	NA	global_consensus_agreement	0.9655172413793104	baseline_atlas	block_b_evolutionary_robustness.json
redundancy_sensitivity	95pct	NA	exact_fvi_agreement	0.6896551724137931	baseline_atlas	block_b_evolutionary_robustness.json
redundancy_sensitivity	95pct	NA	fvi_binary_classification_agreement	0.9689655172413794	baseline_atlas	block_b_evolutionary_robustness.json
redundancy_sensitivity	95pct	NA	spearman_rho_fvi	0.9265771649296877	baseline_atlas	block_b_evolutionary_robustness.json
redundancy_sensitivity	95pct	NA	high_fvi_overlap	0.9405940594059405	baseline_atlas	block_b_evolutionary_robustness.json
redundancy_sensitivity	90pct	NA	retained_sequences	544.0	628	block_b_evolutionary_robustness.json
redundancy_sensitivity	90pct	NA	spearman_rho_gcon	0.9972734051599905	baseline_atlas	block_b_evolutionary_robustness.json
redundancy_sensitivity	90pct	NA	median_abs_gcon_change	0.7950671557143316	baseline_atlas	block_b_evolutionary_robustness.json
redundancy_sensitivity	90pct	NA	p95_abs_gcon_change	2.778057810578102	baseline_atlas	block_b_evolutionary_robustness.json
redundancy_sensitivity	90pct	NA	global_consensus_agreement	0.9517241379310345	baseline_atlas	block_b_evolutionary_robustness.json
redundancy_sensitivity	90pct	NA	exact_fvi_agreement	0.7206896551724138	baseline_atlas	block_b_evolutionary_robustness.json
redundancy_sensitivity	90pct	NA	fvi_binary_classification_agreement	0.9724137931034482	baseline_atlas	block_b_evolutionary_robustness.json
redundancy_sensitivity	90pct	NA	spearman_rho_fvi	0.9347707816360893	baseline_atlas	block_b_evolutionary_robustness.json
redundancy_sensitivity	90pct	NA	high_fvi_overlap	0.9504950495049505	baseline_atlas	block_b_evolutionary_robustness.json
redundancy_sensitivity	80pct	NA	retained_sequences	503.0	628	block_b_evolutionary_robustness.json
redundancy_sensitivity	80pct	NA	spearman_rho_gcon	0.9953216346939983	baseline_atlas	block_b_evolutionary_robustness.json
redundancy_sensitivity	80pct	NA	median_abs_gcon_change	0.9115740636713703	baseline_atlas	block_b_evolutionary_robustness.json
redundancy_sensitivity	80pct	NA	p95_abs_gcon_change	3.0033095083034826	baseline_atlas	block_b_evolutionary_robustness.json
redundancy_sensitivity	80pct	NA	global_consensus_agreement	0.9655172413793104	baseline_atlas	block_b_evolutionary_robustness.json
redundancy_sensitivity	80pct	NA	exact_fvi_agreement	0.8379310344827586	baseline_atlas	block_b_evolutionary_robustness.json
redundancy_sensitivity	80pct	NA	fvi_binary_classification_agreement	0.996551724137931	baseline_atlas	block_b_evolutionary_robustness.json
redundancy_sensitivity	80pct	NA	spearman_rho_fvi	0.9584276036439738	baseline_atlas	block_b_evolutionary_robustness.json
redundancy_sensitivity	80pct	NA	high_fvi_overlap	0.8910891089108911	baseline_atlas	block_b_evolutionary_robustness.json
random_subsampling	90pct_fraction	NA	sample_size	565.0	628	block_b_evolutionary_robustness.json
random_subsampling	90pct_fraction	NA	spearman_rho_gcon_median	0.9988106354951205	baseline_atlas	block_b_evolutionary_robustness.json
random_subsampling	90pct_fraction	NA	spearman_rho_gcon_p5	0.998075330063594	baseline_atlas	block_b_evolutionary_robustness.json
random_subsampling	90pct_fraction	NA	spearman_rho_gcon_p95	0.9991913637207218	baseline_atlas	block_b_evolutionary_robustness.json
random_subsampling	90pct_fraction	NA	global_consensus_agreement_median	0.9862068965517241	baseline_atlas	block_b_evolutionary_robustness.json
random_subsampling	90pct_fraction	NA	global_consensus_agreement_p5	0.9724137931034482	baseline_atlas	block_b_evolutionary_robustness.json
random_subsampling	90pct_fraction	NA	global_consensus_agreement_p95	0.993103448275862	baseline_atlas	block_b_evolutionary_robustness.json
random_subsampling	90pct_fraction	NA	exact_fvi_agreement_median	0.8793103448275862	baseline_atlas	block_b_evolutionary_robustness.json
random_subsampling	90pct_fraction	NA	exact_fvi_agreement_p5	0.7170689655172413	baseline_atlas	block_b_evolutionary_robustness.json
random_subsampling	90pct_fraction	NA	exact_fvi_agreement_p95	0.9522413793103448	baseline_atlas	block_b_evolutionary_robustness.json
random_subsampling	90pct_fraction	NA	fvi_binary_agreement_median	0.9896551724137931	baseline_atlas	block_b_evolutionary_robustness.json
random_subsampling	90pct_fraction	NA	fvi_binary_agreement_p5	0.9655172413793104	baseline_atlas	block_b_evolutionary_robustness.json
random_subsampling	90pct_fraction	NA	fvi_binary_agreement_p95	1.0	baseline_atlas	block_b_evolutionary_robustness.json
random_subsampling	90pct_fraction	NA	high_fvi_overlap_median	0.9455445544554455	baseline_atlas	block_b_evolutionary_robustness.json
random_subsampling	90pct_fraction	NA	high_fvi_overlap_p5	0.9108910891089109	baseline_atlas	block_b_evolutionary_robustness.json
random_subsampling	90pct_fraction	NA	high_fvi_overlap_p95	0.9801980198019802	baseline_atlas	block_b_evolutionary_robustness.json
random_subsampling	75pct_fraction	NA	sample_size	471.0	628	block_b_evolutionary_robustness.json
random_subsampling	75pct_fraction	NA	spearman_rho_gcon_median	0.9970435017923179	baseline_atlas	block_b_evolutionary_robustness.json
random_subsampling	75pct_fraction	NA	spearman_rho_gcon_p5	0.9953535054205257	baseline_atlas	block_b_evolutionary_robustness.json
random_subsampling	75pct_fraction	NA	spearman_rho_gcon_p95	0.9978783020234587	baseline_atlas	block_b_evolutionary_robustness.json
random_subsampling	75pct_fraction	NA	global_consensus_agreement_median	0.9724137931034482	baseline_atlas	block_b_evolutionary_robustness.json
random_subsampling	75pct_fraction	NA	global_consensus_agreement_p5	0.9517241379310345	baseline_atlas	block_b_evolutionary_robustness.json
random_subsampling	75pct_fraction	NA	global_consensus_agreement_p95	0.9862068965517241	baseline_atlas	block_b_evolutionary_robustness.json
random_subsampling	75pct_fraction	NA	exact_fvi_agreement_median	0.7948275862068965	baseline_atlas	block_b_evolutionary_robustness.json
random_subsampling	75pct_fraction	NA	exact_fvi_agreement_p5	0.6137931034482759	baseline_atlas	block_b_evolutionary_robustness.json
random_subsampling	75pct_fraction	NA	exact_fvi_agreement_p95	0.8794827586206897	baseline_atlas	block_b_evolutionary_robustness.json
random_subsampling	75pct_fraction	NA	fvi_binary_agreement_median	0.9793103448275862	baseline_atlas	block_b_evolutionary_robustness.json
random_subsampling	75pct_fraction	NA	fvi_binary_agreement_p5	0.9517241379310345	baseline_atlas	block_b_evolutionary_robustness.json
random_subsampling	75pct_fraction	NA	fvi_binary_agreement_p95	0.993103448275862	baseline_atlas	block_b_evolutionary_robustness.json
random_subsampling	75pct_fraction	NA	high_fvi_overlap_median	0.9108910891089109	baseline_atlas	block_b_evolutionary_robustness.json
random_subsampling	75pct_fraction	NA	high_fvi_overlap_p5	0.8415841584158416	baseline_atlas	block_b_evolutionary_robustness.json
random_subsampling	75pct_fraction	NA	high_fvi_overlap_p95	0.9504950495049505	baseline_atlas	block_b_evolutionary_robustness.json
random_subsampling	50pct_fraction	NA	sample_size	314.0	628	block_b_evolutionary_robustness.json
random_subsampling	50pct_fraction	NA	spearman_rho_gcon_median	0.9914163686752633	baseline_atlas	block_b_evolutionary_robustness.json
random_subsampling	50pct_fraction	NA	spearman_rho_gcon_p5	0.9856852848015973	baseline_atlas	block_b_evolutionary_robustness.json
random_subsampling	50pct_fraction	NA	spearman_rho_gcon_p95	0.9938944401542369	baseline_atlas	block_b_evolutionary_robustness.json
random_subsampling	50pct_fraction	NA	global_consensus_agreement_median	0.9517241379310345	baseline_atlas	block_b_evolutionary_robustness.json
random_subsampling	50pct_fraction	NA	global_consensus_agreement_p5	0.9241379310344827	baseline_atlas	block_b_evolutionary_robustness.json
random_subsampling	50pct_fraction	NA	global_consensus_agreement_p95	0.9724137931034482	baseline_atlas	block_b_evolutionary_robustness.json
random_subsampling	50pct_fraction	NA	exact_fvi_agreement_median	0.6741379310344828	baseline_atlas	block_b_evolutionary_robustness.json
random_subsampling	50pct_fraction	NA	exact_fvi_agreement_p5	0.4924137931034483	baseline_atlas	block_b_evolutionary_robustness.json
random_subsampling	50pct_fraction	NA	exact_fvi_agreement_p95	0.7689655172413793	baseline_atlas	block_b_evolutionary_robustness.json
random_subsampling	50pct_fraction	NA	fvi_binary_agreement_median	0.9586206896551724	baseline_atlas	block_b_evolutionary_robustness.json
random_subsampling	50pct_fraction	NA	fvi_binary_agreement_p5	0.9344827586206896	baseline_atlas	block_b_evolutionary_robustness.json
random_subsampling	50pct_fraction	NA	fvi_binary_agreement_p95	0.9827586206896551	baseline_atlas	block_b_evolutionary_robustness.json
random_subsampling	50pct_fraction	NA	high_fvi_overlap_median	0.8663366336633663	baseline_atlas	block_b_evolutionary_robustness.json
random_subsampling	50pct_fraction	NA	high_fvi_overlap_p5	0.7821782178217822	baseline_atlas	block_b_evolutionary_robustness.json
random_subsampling	50pct_fraction	NA	high_fvi_overlap_p95	0.9306930693069307	baseline_atlas	block_b_evolutionary_robustness.json
family_stratified_subsampling	90pct_fraction	NA	sample_size	561.0	628	block_b_evolutionary_robustness.json
family_stratified_subsampling	90pct_fraction	NA	spearman_rho_gcon_median	0.9987969809440627	baseline_atlas	block_b_evolutionary_robustness.json
family_stratified_subsampling	90pct_fraction	NA	spearman_rho_gcon_p5	0.9981503219876792	baseline_atlas	block_b_evolutionary_robustness.json
family_stratified_subsampling	90pct_fraction	NA	spearman_rho_gcon_p95	0.9991243976042239	baseline_atlas	block_b_evolutionary_robustness.json
family_stratified_subsampling	90pct_fraction	NA	global_consensus_agreement_median	0.9862068965517241	baseline_atlas	block_b_evolutionary_robustness.json
family_stratified_subsampling	90pct_fraction	NA	global_consensus_agreement_p5	0.9724137931034482	baseline_atlas	block_b_evolutionary_robustness.json
family_stratified_subsampling	90pct_fraction	NA	global_consensus_agreement_p95	0.9932758620689656	baseline_atlas	block_b_evolutionary_robustness.json
family_stratified_subsampling	90pct_fraction	NA	exact_fvi_agreement_median	0.8810344827586207	baseline_atlas	block_b_evolutionary_robustness.json
family_stratified_subsampling	90pct_fraction	NA	exact_fvi_agreement_p5	0.6758620689655173	baseline_atlas	block_b_evolutionary_robustness.json
family_stratified_subsampling	90pct_fraction	NA	exact_fvi_agreement_p95	0.9241379310344827	baseline_atlas	block_b_evolutionary_robustness.json
family_stratified_subsampling	90pct_fraction	NA	fvi_binary_agreement_median	0.9862068965517241	baseline_atlas	block_b_evolutionary_robustness.json
family_stratified_subsampling	90pct_fraction	NA	fvi_binary_agreement_p5	0.9620689655172414	baseline_atlas	block_b_evolutionary_robustness.json
family_stratified_subsampling	90pct_fraction	NA	fvi_binary_agreement_p95	0.9967241379310344	baseline_atlas	block_b_evolutionary_robustness.json
family_stratified_subsampling	90pct_fraction	NA	high_fvi_overlap_median	0.9356435643564356	baseline_atlas	block_b_evolutionary_robustness.json
family_stratified_subsampling	90pct_fraction	NA	high_fvi_overlap_p5	0.9004950495049505	baseline_atlas	block_b_evolutionary_robustness.json
family_stratified_subsampling	90pct_fraction	NA	high_fvi_overlap_p95	0.9801980198019802	baseline_atlas	block_b_evolutionary_robustness.json
family_stratified_subsampling	75pct_fraction	NA	sample_size	468.0	628	block_b_evolutionary_robustness.json
family_stratified_subsampling	75pct_fraction	NA	spearman_rho_gcon_median	0.9969182179179839	baseline_atlas	block_b_evolutionary_robustness.json
family_stratified_subsampling	75pct_fraction	NA	spearman_rho_gcon_p5	0.9956800371901171	baseline_atlas	block_b_evolutionary_robustness.json
family_stratified_subsampling	75pct_fraction	NA	spearman_rho_gcon_p95	0.99794061883385	baseline_atlas	block_b_evolutionary_robustness.json
family_stratified_subsampling	75pct_fraction	NA	global_consensus_agreement_median	0.9724137931034482	baseline_atlas	block_b_evolutionary_robustness.json
family_stratified_subsampling	75pct_fraction	NA	global_consensus_agreement_p5	0.9551724137931035	baseline_atlas	block_b_evolutionary_robustness.json
family_stratified_subsampling	75pct_fraction	NA	global_consensus_agreement_p95	0.9896551724137931	baseline_atlas	block_b_evolutionary_robustness.json
family_stratified_subsampling	75pct_fraction	NA	exact_fvi_agreement_median	0.7310344827586207	baseline_atlas	block_b_evolutionary_robustness.json
family_stratified_subsampling	75pct_fraction	NA	exact_fvi_agreement_p5	0.6068965517241379	baseline_atlas	block_b_evolutionary_robustness.json
family_stratified_subsampling	75pct_fraction	NA	exact_fvi_agreement_p95	0.8482758620689655	baseline_atlas	block_b_evolutionary_robustness.json
family_stratified_subsampling	75pct_fraction	NA	fvi_binary_agreement_median	0.9689655172413794	baseline_atlas	block_b_evolutionary_robustness.json
family_stratified_subsampling	75pct_fraction	NA	fvi_binary_agreement_p5	0.9517241379310345	baseline_atlas	block_b_evolutionary_robustness.json
family_stratified_subsampling	75pct_fraction	NA	fvi_binary_agreement_p95	0.9896551724137931	baseline_atlas	block_b_evolutionary_robustness.json
family_stratified_subsampling	75pct_fraction	NA	high_fvi_overlap_median	0.900990099009901	baseline_atlas	block_b_evolutionary_robustness.json
family_stratified_subsampling	75pct_fraction	NA	high_fvi_overlap_p5	0.8415841584158416	baseline_atlas	block_b_evolutionary_robustness.json
family_stratified_subsampling	75pct_fraction	NA	high_fvi_overlap_p95	0.9504950495049505	baseline_atlas	block_b_evolutionary_robustness.json
family_stratified_subsampling	50pct_fraction	NA	sample_size	312.0	628	block_b_evolutionary_robustness.json
family_stratified_subsampling	50pct_fraction	NA	spearman_rho_gcon_median	0.9918540936543264	baseline_atlas	block_b_evolutionary_robustness.json
family_stratified_subsampling	50pct_fraction	NA	spearman_rho_gcon_p5	0.987267826250566	baseline_atlas	block_b_evolutionary_robustness.json
family_stratified_subsampling	50pct_fraction	NA	spearman_rho_gcon_p95	0.9946510935497965	baseline_atlas	block_b_evolutionary_robustness.json
family_stratified_subsampling	50pct_fraction	NA	global_consensus_agreement_median	0.9517241379310345	baseline_atlas	block_b_evolutionary_robustness.json
family_stratified_subsampling	50pct_fraction	NA	global_consensus_agreement_p5	0.9237931034482758	baseline_atlas	block_b_evolutionary_robustness.json
family_stratified_subsampling	50pct_fraction	NA	global_consensus_agreement_p95	0.9724137931034482	baseline_atlas	block_b_evolutionary_robustness.json
family_stratified_subsampling	50pct_fraction	NA	exact_fvi_agreement_median	0.6603448275862069	baseline_atlas	block_b_evolutionary_robustness.json
family_stratified_subsampling	50pct_fraction	NA	exact_fvi_agreement_p5	0.516896551724138	baseline_atlas	block_b_evolutionary_robustness.json
family_stratified_subsampling	50pct_fraction	NA	exact_fvi_agreement_p95	0.7656896551724137	baseline_atlas	block_b_evolutionary_robustness.json
family_stratified_subsampling	50pct_fraction	NA	fvi_binary_agreement_median	0.9586206896551724	baseline_atlas	block_b_evolutionary_robustness.json
family_stratified_subsampling	50pct_fraction	NA	fvi_binary_agreement_p5	0.9344827586206896	baseline_atlas	block_b_evolutionary_robustness.json
family_stratified_subsampling	50pct_fraction	NA	fvi_binary_agreement_p95	0.9794827586206896	baseline_atlas	block_b_evolutionary_robustness.json
family_stratified_subsampling	50pct_fraction	NA	high_fvi_overlap_median	0.8613861386138614	baseline_atlas	block_b_evolutionary_robustness.json
family_stratified_subsampling	50pct_fraction	NA	high_fvi_overlap_p5	0.7915841584158416	baseline_atlas	block_b_evolutionary_robustness.json
family_stratified_subsampling	50pct_fraction	NA	high_fvi_overlap_p95	0.9108910891089109	baseline_atlas	block_b_evolutionary_robustness.json
small_family_jackknife	IsPETase-like	NA	family_size	10.0	NA	block_b_evolutionary_robustness.json
small_family_jackknife	IsPETase-like	NA	jackknife_replicates	10.0	NA	block_b_evolutionary_robustness.json
small_family_jackknife	IsPETase-like	NA	pct_positions_never_changed	92.41379310344827	baseline_consensus	block_b_evolutionary_robustness.json
small_family_jackknife	IsPETase-like	NA	positions_with_consensus_changes_count	22.0	baseline_consensus	block_b_evolutionary_robustness.json
small_family_jackknife	IsPETase-like	NA	fvi_changed_replicates_count	47.0	baseline_fvi	block_b_evolutionary_robustness.json
small_family_jackknife	LCC-like	NA	family_size	8.0	NA	block_b_evolutionary_robustness.json
small_family_jackknife	LCC-like	NA	jackknife_replicates	8.0	NA	block_b_evolutionary_robustness.json
small_family_jackknife	LCC-like	NA	pct_positions_never_changed	89.3103448275862	baseline_consensus	block_b_evolutionary_robustness.json
small_family_jackknife	LCC-like	NA	positions_with_consensus_changes_count	31.0	baseline_consensus	block_b_evolutionary_robustness.json
small_family_jackknife	LCC-like	NA	fvi_changed_replicates_count	27.0	baseline_fvi	block_b_evolutionary_robustness.json
small_family_jackknife	Microbispora-like	NA	family_size	12.0	NA	block_b_evolutionary_robustness.json
small_family_jackknife	Microbispora-like	NA	jackknife_replicates	12.0	NA	block_b_evolutionary_robustness.json
small_family_jackknife	Microbispora-like	NA	pct_positions_never_changed	59.310344827586206	baseline_consensus	block_b_evolutionary_robustness.json
small_family_jackknife	Microbispora-like	NA	positions_with_consensus_changes_count	118.0	baseline_consensus	block_b_evolutionary_robustness.json
small_family_jackknife	Microbispora-like	NA	fvi_changed_replicates_count	370.0	baseline_fvi	block_b_evolutionary_robustness.json
small_family_jackknife	Thermobifida-like	NA	family_size	13.0	NA	block_b_evolutionary_robustness.json
small_family_jackknife	Thermobifida-like	NA	jackknife_replicates	13.0	NA	block_b_evolutionary_robustness.json
small_family_jackknife	Thermobifida-like	NA	pct_positions_never_changed	99.3103448275862	baseline_consensus	block_b_evolutionary_robustness.json
small_family_jackknife	Thermobifida-like	NA	positions_with_consensus_changes_count	2.0	baseline_consensus	block_b_evolutionary_robustness.json
small_family_jackknife	Thermobifida-like	NA	fvi_changed_replicates_count	5.0	baseline_fvi	block_b_evolutionary_robustness.json
other_bacterial_sensitivity	excluding_other_bacterial	NA	non_other_sequence_count	216.0	628	block_b_evolutionary_robustness.json
other_bacterial_sensitivity	excluding_other_bacterial	NA	global_spearman_rho_gcon	0.9161755299951156	baseline_atlas	block_b_evolutionary_robustness.json
other_bacterial_sensitivity	excluding_other_bacterial	NA	global_median_abs_gcon_change	7.981517689849003	baseline_atlas	block_b_evolutionary_robustness.json
other_bacterial_sensitivity	excluding_other_bacterial	NA	global_p95_abs_gcon_change	20.183751304696912	baseline_atlas	block_b_evolutionary_robustness.json
other_bacterial_sensitivity	excluding_other_bacterial	NA	global_global_consensus_agreement	0.8758620689655172	baseline_atlas	block_b_evolutionary_robustness.json
other_bacterial_sensitivity	excluding_other_bacterial	NA	fvi_exact_fvi_agreement	0.9310344827586207	baseline_atlas	block_b_evolutionary_robustness.json
other_bacterial_sensitivity	excluding_other_bacterial	NA	fvi_fvi_binary_classification_agreement	1.0	baseline_atlas	block_b_evolutionary_robustness.json
genus_balanced_sensitivity	genus_balanced	NA	balanced_dataset_sequence_count	357.0	628	block_b_evolutionary_robustness.json
genus_balanced_sensitivity	genus_balanced	NA	spearman_rho_gcon	0.9776334483465892	baseline_atlas	block_b_evolutionary_robustness.json
genus_balanced_sensitivity	genus_balanced	NA	median_abs_gcon_change	3.194641649763355	baseline_atlas	block_b_evolutionary_robustness.json
genus_balanced_sensitivity	genus_balanced	NA	p95_abs_gcon_change	8.600160131229494	baseline_atlas	block_b_evolutionary_robustness.json
genus_balanced_sensitivity	genus_balanced	NA	global_consensus_agreement	0.9448275862068966	baseline_atlas	block_b_evolutionary_robustness.json
genus_balanced_sensitivity	genus_balanced	NA	exact_fvi_agreement	0.6931034482758621	baseline_atlas	block_b_evolutionary_robustness.json
genus_balanced_sensitivity	genus_balanced	NA	fvi_binary_classification_agreement	0.9620689655172414	baseline_atlas	block_b_evolutionary_robustness.json
genus_balanced_sensitivity	genus_balanced	NA	spearman_rho_fvi	0.9099363324927099	baseline_atlas	block_b_evolutionary_robustness.json
genus_balanced_sensitivity	genus_balanced	NA	high_fvi_overlap	0.8217821782178217	baseline_atlas	block_b_evolutionary_robustness.json
