Atlas position	IsPETase WT	global consensus	global conservation	FVI	experimental mutation	experimental scaffold	evidence source/study identifier	independent/circularity status	raw ProposalEngine outcome	raw proposal rank	raw proposal score	CandidateDiscovery outcome	Block B FVI range/stability	protected status if applicable	Actinomadura-like_consensus	Amycolatopsis-like_consensus	IsPETase-like_consensus	LCC-like_consensus	Microbispora-like_consensus	Nocardiopsis-like_consensus	Other_bacterial_consensus	Streptomyces-like_consensus	Thermobifida-like_consensus
159	W	H	79.39	0	W159A	IsPETase	Joo et al.	independent	NOT_PROPOSED	Not Proposed	Not Proposed	BLOCKED_FVI_0	FVI 0–0 (eligibility stability 100.0%)	FALSE	H	H	H	H	H	H	H	H	H
159	W	H	79.39	0	H164L	BhrPETase H218S/F222I (M2)	Cui et al. TurboPETase	independent	NOT_PROPOSED	Not Proposed	Not Proposed	BLOCKED_FVI_0	FVI 0–0 (eligibility stability 100.0%)	FALSE	H	H	H	H	H	H	H	H	H
159	W	H	79.39	0	H164S	BhrPETase H218S/F222I (M2)	Cui et al. TurboPETase	independent	NOT_PROPOSED	Not Proposed	Not Proposed	BLOCKED_FVI_0	FVI 0–0 (eligibility stability 100.0%)	FALSE	H	H	H	H	H	H	H	H	H
159	W	H	79.39	0	H164E	BhrPETase H218S/F222I (M2)	Cui et al. TurboPETase	independent	NOT_PROPOSED	Not Proposed	Not Proposed	BLOCKED_FVI_0	FVI 0–0 (eligibility stability 100.0%)	FALSE	H	H	H	H	H	H	H	H	H
159	W	H	79.39	0	H164Q	BhrPETase H218S/F222I (M2)	Cui et al. TurboPETase	independent	NOT_PROPOSED	Not Proposed	Not Proposed	BLOCKED_FVI_0	FVI 0–0 (eligibility stability 100.0%)	FALSE	H	H	H	H	H	H	H	H	H
159	W	H	79.39	0	H164F	BhrPETase H218S/F222I (M2)	Cui et al. TurboPETase	independent	NOT_PROPOSED	Not Proposed	Not Proposed	BLOCKED_FVI_0	FVI 0–0 (eligibility stability 100.0%)	FALSE	H	H	H	H	H	H	H	H	H
205	N	N	30.02	4	A209R	BhrPETase H218S/F222I (M2)	Cui et al. TurboPETase	independent	PROPOSED	3	5	ELIGIBLE	FVI 4–4 (eligibility stability 100.0%)	FALSE	N	P	N	D	P	N	N	R	L
159	W	H	79.39	0	W159H	IsPETase	Meng et al. Premuse	independent	PROPOSED	1	1	BLOCKED_FVI_0	FVI 0–0 (eligibility stability 100.0%)	FALSE	H	H	H	H	H	H	H	H	H
229	F	Y	54.06	0	F229Y	IsPETase	Meng et al. Premuse	independent	PROPOSED	1	2	BLOCKED_FVI_0	FVI 0–1 (eligibility stability 71.4%)	FALSE	Y	Y	Y	Y	Y	Y	Y	Y	Y
140	T	R	31.63	2	T140D	ThermoPETase/IsPETase-derived	Lu et al. FAST-PETase	independent	PROPOSED	3	3	ELIGIBLE	FVI 2–3 (eligibility stability 100.0%)	FALSE	R	R	S	S	R	D	D	R	S
