IsPETase_position	IsPETase_residue	Global_consensus	Global_conservation	FVI	Different_family_consensus	Consensus_residues	Major_consensus	Known_mutations	Mutation_evidence	Actinomadura-like_consensus	Amycolatopsis-like_consensus	IsPETase-like_consensus	LCC-like_consensus	Microbispora-like_consensus	Nocardiopsis-like_consensus	Other_bacterial_consensus	Streptomyces-like_consensus	Thermobifida-like_consensus
1	M	G	17.14	4	5	A,G,L,M,R	G	NA	NO	R	NA	M	L	NA	NA	G	A	NA
2	N	F	14.37	6	7	A,F,I,L,M,P,W	F	NA	NO	A	W	I	W	M	P	F	I	L
3	F	L	19.89	3	4	L,M,R,T	L	NA	NO	L	L	L	R	T	R	M	R	L
4	P	R	29.16	4	5	A,G,K,R,S	R	NA	NO	R	K	K	S	A	R	R	G	S
5	R	R	64.14	0	1	R	R	NA	NO	R	R	R	R	R	R	R	R	R
6	A	A	21.33	4	5	A,G,L,T,V	A	NA	NO	A	A	L	G	T	V	L	A	A
7	S	L	23.0	2	3	A,L,S	L	NA	NO	L	L	S	A	NA	A	A	L	L
8	R	R	39.52	1	2	H,R	R	NA	NO	R	H	R	R	NA	R	R	NA	R
9	L	R	17.02	6	7	A,F,I,Q,R,T,V	R	NA	NO	A	Q	T	I	NA	F	R	NA	V
10	M	A	39.16	3	4	A,L,T,V	A	NA	NO	A	A	V	A	T	A	L	V	NA
11	Q	A	39.02	4	5	A,G,L,M,T	A	NA	NO	M	A	A	G	L	A	T	NA	NA
12	A	R	29.07	4	5	A,K,L,R,T	R	NA	NO	L	L	A	T	A	R	K	NA	NA
13	A	L	52.38	3	4	L,R,S,T	L	NA	NO	L	T	R	L	L	S	L	NA	NA
14	V	A	24.19	3	4	A,K,T,V	A	NA	NO	K	A	T	A	V	A	A	A	T
15	L	L	42.03	2	3	A,L,M	L	NA	NO	L	L	L	M	L	L	L	A	A
16	G	A	33.72	3	4	A,L,T,V	A	NA	NO	A	V	A	A	L	A	A	T	A
17	G	G	30.43	3	4	A,G,R,S	G	NA	NO	R	NA	G	S	NA	NA	A	NA	NA
18	L	A	42.76	3	4	A,L,T,V	A	NA	NO	A	V	A	A	T	L	A	A	A
19	M	A	36.72	3	4	A,L,M,T	A	NA	NO	A	A	M	L	A	L	A	A	T
20	A	A	42.86	1	2	A,L	A	NA	NO	A	A	A	A	L	A	A	A	A
21	V	L	51.03	3	4	A,L,M,V	L	NA	NO	L	L	V	M	A	L	L	L	L
22	S	A	33.43	4	5	A,G,L,S,V	A	NA	NO	A	V	S	A	NA	G	A	L	V
23	A	A	42.3	3	4	A,G,L,T	A	NA	NO	A	T	A	G	A	A	A	L	A
24	A	A	29.71	3	4	A,G,L,W	A	NA	NO	L	A	A	W	G	A	A	A	A
25	A	G	33.15	2	3	A,G,V	A	NA	NO	A	A	A	V	G	A	G	G	A
26	T	G	33.74	3	4	A,G,T,V	G	NA	NO	A	G	V	G	G	G	G	T	V
27	A	A	81.55	0	1	A	A	NA	NO	A	A	A	A	A	A	A	A	A
28	Q	A	38.09	4	5	A,D,E,T,V	A	NA	NO	A	A	E	D	V	A	A	T	A
29	T	A	47.46	3	4	A,F,K,S	A	NA	NO	A	A	F	S	K	A	A	A	A
30	N	N	33.26	3	4	A,G,N,P	N	NA	NO	N	G	N	N	P	N	G	A	N
31	P	P	71.97	1	2	A,P	P	NA	NO	P	A	P	P	P	P	P	P	P
32	Y	Y	59.48	3	4	E,K,S,Y	Y	NA	NO	Y	E	Y	Y	K	Y	Y	S	Y
33	A	E	44.0	3	4	A,E,Q,V	E	NA	NO	E	V	Q	E	NA	E	E	A	E
34	R	R	82.23	1	2	H,R	R	NA	NO	R	R	R	R	H	R	R	R	R
35	G	G	82.52	1	2	A,G	G	NA	NO	G	A	G	G	G	G	G	G	G
36	P	P	87.74	0	1	P	P	NA	NO	P	P	P	P	P	P	P	P	P
37	N	A	33.78	2	3	A,D,N	A	NA	NO	A	A	D	A	D	D	D	A	N
38	P	P	69.74	0	1	P	P	NA	NO	P	P	P	P	P	P	P	P	P
39	T	T	52.8	2	3	A,P,T	T	NA	NO	T	P	T	T	T	T	T	A	T
40	A	E	42.57	3	4	A,D,E,R	E	NA	NO	E	A	A	E	D	E	E	R	D
41	A	A	34.1	4	5	A,P,Q,S,T	A	NA	NO	A	P	S	S	A	Q	A	T	A
42	S	S	33.52	3	4	D,L,P,S	S	NA	NO	S	P	S	S	L	S	S	D	L
43	L	I	19.24	5	6	A,I,L,V,W,Y	I	NA	NO	I	A	L	I	L	V	Y	W	L
44	E	E	28.26	3	4	E,G,S,T	E	NA	NO	T	S	E	E	E	T	E	G	E
45	A	A	56.95	1	2	A,E	A	NA	NO	A	E	A	A	A	A	A	A	A
46	S	P	29.19	4	5	E,N,P,R,S	P	NA	NO	E	P	N	S	S	P	P	P	R
47	A	R	61.7	1	2	R,S	R	NA	NO	R	R	R	R	R	R	R	R	S
48	G	G	90.92	0	1	G	G	NA	NO	G	G	G	G	G	G	G	G	G
49	P	P	74.88	0	1	P	P	NA	NO	P	P	P	P	P	P	P	P	P
50	F	F	44.43	2	3	F,H,Y	F	NA	NO	F	H	F	F	Y	F	F	Y	F
51	T	A	36.99	3	4	A,D,P,S	A	NA	NO	A	P	S	S	A	D	A	A	S
52	V	V	40.69	1	2	T,V	V	NA	NO	T	V	V	V	T	T	V	V	V
53	R	A	23.68	4	5	A,D,R,S,V	A	NA	NO	S	V	R	S	A	D	A	A	S
54	S	Q	16.93	5	6	E,Q,R,S,T,V	Q	NA	NO	Q	R	S	E	Q	T	Q	V	E
55	F	T	24.2	2	3	E,T,V	T	NA	NO	T	E	T	E	E	V	T	T	E
56	T	S	22.56	4	5	A,D,R,S,T	S	NA	NO	S	A	S	S	D	S	T	S	R
57	V	V	47.55	2	3	A,L,V	V	NA	NO	V	A	V	V	V	V	V	L	A
58	S	S	60.91	1	2	P,S	S	NA	NO	P	S	S	S	S	S	S	S	S
59	R	S	47.33	2	3	A,R,S	S	NA	NO	A	S	R	S	S	S	S	A	R
60	P	L	56.63	1	2	G,L	L	NA	NO	G	L	L	L	L	L	L	L	L
61	S	S	34.62	3	4	D,R,S,T	S	NA	NO	T	R	S	S	S	S	S	R	D
62	G	G	87.26	0	1	G	G	NA	NO	G	G	G	G	G	G	G	G	G
63	Y	F	82.02	0	1	F	F	NA	NO	F	F	F	F	F	F	F	F	F
64	G	G	56.6	2	3	A,G,Y	G	NA	NO	G	A	G	G	G	G	G	Y	G
65	A	G	56.46	1	2	E,G	G	NA	NO	G	E	G	G	G	G	G	G	G
66	G	G	43.18	2	3	G,H,T	G	NA	NO	G	H	G	G	G	G	G	T	G
67	T	T	64.37	0	1	T	T	NA	NO	T	T	T	T	T	T	T	T	T
68	V	I	50.88	1	2	I,V	I	NA	NO	I	V	I	I	I	I	I	V	I
69	Y	Y	75.28	0	1	Y	Y	NA	NO	Y	Y	Y	Y	Y	Y	Y	Y	Y
70	Y	Y	68.26	1	2	R,Y	Y	NA	NO	Y	R	Y	Y	Y	Y	Y	Y	Y
71	P	P	99.04	0	1	P	P	NA	NO	P	P	P	P	P	P	P	P	P
72	T	T	37.0	2	3	A,R,T	T	NA	NO	T	A	T	T	A	T	T	A	R
73	N	D	48.43	2	3	D,N,T	D	NA	NO	D	D	N	D	T	D	D	T	T
74	A	T	36.26	4	5	A,D,E,G,T	T	NA	NO	T	D	A	T	T	T	T	G	E
75	G	S	36.01	3	4	A,N,R,S	S	NA	NO	S	R	S	S	S	S	S	A	N
76	G	G	78.82	0	1	G	G	NA	NO	G	G	G	G	G	G	G	G	NA
77	T	T	45.98	1	2	R,T	T	NA	NO	T	R	T	T	T	T	T	T	T
78	V	F	40.55	3	4	F,H,L,Y	F	NA	NO	F	L	Y	Y	F	F	F	H	Y
79	G	P	53.14	1	2	G,P	G	NA	NO	G	P	G	G	G	G	P	P	G
80	A	A	34.14	2	3	A,G,V	A	NA	NO	A	V	A	A	G	G	A	V	A
81	I	V	48.96	1	2	I,V	V	NA	NO	I	V	I	V	V	V	V	V	V
82	A	A	41.19	1	2	A,V	A	NA	NO	A	V	A	A	A	V	A	A	A
83	I	W	36.9	2	3	I,V,W	W	NA	NO	V	W	V	I	I	I	W	W	I
84	V	G	41.72	2	3	A,G,S	G	NA	NO	S	G	S	S	A	A	G	G	S
85	P	P	46.34	1	2	N,P	P	NA	NO	P	N	P	P	P	P	N	N	P
86	G	G	98.73	0	1	G	G	NA	NO	G	G	G	G	G	G	G	G	G
87	Y	Y	25.52	2	3	A,F,Y	Y	NA	NO	F	A	Y	Y	Y	Y	Y	F	Y
88	T	T	33.49	2	3	C,F,T	T	NA	NO	T	C	T	T	T	T	T	F	T
89	A	A	53.83	2	3	A,G,R	A	NA	NO	A	R	G	A	A	A	A	A	G
90	R	T	19.9	4	5	D,G,P,S,T	T	NA	NO	P	T	T	T	D	S	S	G	T
91	Q	Q	19.24	3	4	K,Q,S,W	Q	NA	NO	Q	S	Q	Q	K	Q	W	Q	Q
92	S	S	28.87	3	4	A,N,P,S	S	NA	NO	S	N	S	S	S	S	P	P	A
93	S	S	35.89	2	3	D,G,S	S	NA	NO	S	D	S	S	S	S	S	G	S
94	I	M	19.01	3	4	E,I,L,M	M	NA	NO	I	E	I	M	L	M	M	I	I
95	K	A	26.43	2	3	A,L,S	A	NA	NO	A	L	S	A	A	S	A	A	A
96	W	W	44.59	2	3	S,T,W	W	NA	NO	W	T	W	W	W	W	W	S	W
97	W	L	54.33	2	3	L,W,Y	L	NA	NO	L	L	W	L	L	Y	L	L	L
98	G	G	40.45	2	3	A,G,L	G	NA	NO	G	L	G	G	A	G	L	L	G
99	P	P	29.76	5	6	A,E,H,P,R,T	P	NA	NO	P	T	P	P	A	H	P	R	E
100	R	R	41.6	2	3	H,L,R	R	NA	NO	R	L	R	R	R	R	R	H	R
101	L	L	56.32	1	2	I,L	L	NA	NO	L	L	L	I	L	I	L	L	I
102	A	A	95.22	0	1	A	A	NA	NO	A	A	A	A	A	A	A	A	A
103	S	S	88.38	0	1	S	S	NA	NO	S	S	S	S	S	S	S	S	S
104	H	H	42.04	1	2	H,Q	H	NA	NO	Q	H	H	Q	H	Q	H	Q	H
105	G	G	99.04	0	1	G	G	NA	NO	G	G	G	G	G	G	G	G	G
106	F	F	85.99	0	1	F	F	NA	NO	F	F	F	F	F	F	F	F	F
107	V	V	62.96	1	2	I,V	V	NA	NO	V	V	V	V	V	V	V	I	V
108	V	V	89.69	0	1	V	V	NA	NO	V	V	V	V	V	V	V	V	V
109	I	I	33.65	4	5	A,F,I,M,V	I	NA	NO	M	V	I	F	F	F	I	A	I
110	T	A	45.66	2	3	A,N,T	A	NA	NO	T	A	T	T	N	T	A	A	A
111	I	I	36.71	2	3	A,I,V	I	NA	NO	I	V	I	I	I	I	I	A	I
112	D	D	30.27	3	4	D,E,G,N	D	NA	NO	E	G	D	D	D	D	D	N	D
113	T	T	53.31	0	1	T	T	NA	NO	T	T	T	T	T	T	T	T	T
114	N	N	26.19	3	4	F,L,N,P	N	NA	NO	N	F	N	N	L	N	N	P	N
115	S	T	54.84	1	2	S,T	T	NA	NO	T	S	T	T	T	T	T	T	T
116	T	R	31.33	2	3	L,R,T	R	NA	NO	L	R	T	R	R	R	R	T	T
117	L	Y	24.88	3	4	D,L,T,Y	Y	NA	NO	L	T	L	Y	L	Y	Y	D	L
118	D	D	65.7	1	2	D,E	D	NA	NO	D	E	D	D	D	D	D	D	D
119	Q	Q	51.45	1	2	N,Q	Q	NA	NO	Q	N	Q	Q	Q	Q	Q	Q	Q
120	P	P	46.37	2	3	G,N,P	P	NA	NO	P	G	P	P	P	P	P	N	P
121	S	D	20.23	3	4	A,D,S,T	D	DuraPETase:S121E,FAST-PETase:S121E	YES	A	S	D	D	D	D	T	S	D
122	S	S	38.9	2	3	N,P,S	S	NA	NO	S	P	S	S	S	S	S	N	S
123	R	R	48.0	2	3	F,R,S	R	NA	NO	R	S	R	R	R	R	R	F	R
124	S	G	57.88	1	2	A,G	G	NA	NO	G	G	A	A	G	G	G	G	A
125	S	R	27.53	4	5	A,D,I,R,S	R	NA	NO	D	A	S	D	R	R	R	I	R
126	Q	Q	48.24	2	3	D,Q,V	Q	NA	NO	Q	V	Q	Q	Q	Q	Q	D	Q
127	Q	L	52.24	1	2	L,M	L	NA	NO	L	M	L	L	L	L	L	M	L
128	M	L	43.61	4	5	E,L,M,N,Q	L	NA	NO	L	L	M	Q	L	E	L	L	N
129	A	A	60.38	1	2	A,D	A	NA	NO	A	D	A	A	A	A	A	A	A
130	A	A	71.41	1	2	A,G	A	NA	NO	A	G	A	A	A	A	A	G	A
131	L	L	54.79	1	2	I,L	L	NA	NO	L	I	L	L	L	L	L	L	L
132	R	D	64.06	1	2	D,T	D	NA	NO	D	T	D	D	D	D	D	D	D
133	Q	Y	46.49	1	2	W,Y	Y	NA	NO	Y	W	Y	Y	Y	Y	Y	Y	Y
134	V	L	66.29	2	3	L,M,V	L	NA	NO	L	L	V	L	L	L	L	L	M
135	A	T	27.88	3	4	A,I,T,V	T	NA	NO	T	I	A	V	T	V	V	T	I
136	S	A	23.79	6	7	A,D,E,N,Q,R,T	A	NA	NO	Q	R	T	D	E	E	A	T	N
137	L	E	34.29	3	4	D,E,Q,S	E	NA	NO	E	E	Q	D	S	E	E	E	D
138	N	N	67.61	1	2	K,N	N	NA	NO	N	N	N	NA	K	N	N	N	N
139	G	A	27.52	4	5	A,G,Q,S,T	A	NA	NO	A	S	G	A	Q	T	A	G	A
140	T	R	31.63	2	3	D,R,S	R	NA	NO	R	R	S	S	R	D	D	R	S
141	S	S	88.65	0	1	S	S	NA	NO	S	S	S	S	S	S	S	S	S
142	S	P	26.96	4	5	A,D,E,P,S	P	NA	NO	P	E	S	S	S	D	P	P	A
143	S	A	32.81	1	2	A,S	A	NA	NO	A	NA	S	S	NA	NA	A	NA	NA
144	P	T	56.25	3	4	A,G,P,T	T	NA	NO	A	NA	P	G	NA	NA	T	NA	NA
145	I	V	37.06	3	4	F,I,L,V	V	NA	NO	V	L	I	V	V	V	F	F	V
146	Y	R	37.02	2	3	A,R,Y	R	NA	NO	R	R	Y	R	R	R	R	A	R
147	G	G	38.3	2	3	D,G,S	G	NA	NO	D	D	G	D	G	D	G	G	S
148	K	R	56.73	1	2	K,R	R	NA	NO	R	R	K	R	R	R	R	R	R
149	V	I	42.26	1	2	I,V	I	NA	NO	I	I	V	I	V	V	I	V	I
150	D	D	88.52	0	1	D	D	NA	NO	D	D	D	D	D	D	D	D	D
151	T	T	29.9	4	5	A,G,R,S,T	T	NA	NO	A	T	T	R	A	G	T	T	S
152	A	S	23.51	5	6	A,D,N,R,S,T	S	NA	NO	S	R	S	N	T	D	T	A	S
153	R	R	64.33	0	1	R	R	NA	NO	R	R	R	R	R	R	R	R	R
154	M	L	43.47	1	2	I,L	L	NA	NO	L	I	L	L	L	L	L	L	L
155	G	A	49.04	1	2	A,G	A	NA	NO	A	G	G	A	G	A	G	G	A
156	V	V	55.41	0	1	V	V	NA	NO	V	V	V	V	V	V	V	V	V
157	M	M	38.38	2	3	A,M,S	M	NA	NO	M	A	M	M	M	M	M	S	M
158	G	G	99.36	0	1	G	G	NA	NO	G	G	G	G	G	G	G	G	G
159	W	H	79.39	0	1	H	H	NA	NO	H	H	H	H	H	H	H	H	H
160	S	S	98.57	0	1	S	S	NA	NO	S	S	S	S	S	S	S	S	S
161	M	M	49.12	1	2	C,M	M	NA	NO	M	C	M	M	M	M	M	M	M
162	G	G	99.68	0	1	G	G	NA	NO	G	G	G	G	G	G	G	G	G
163	G	G	84.66	0	1	G	G	NA	NO	G	G	G	G	G	G	G	G	G
164	G	G	63.3	0	1	G	G	NA	NO	G	G	G	G	G	G	G	G	G
165	G	G	64.64	1	2	A,G	G	NA	NO	G	G	G	G	G	G	G	A	G
166	S	T	39.3	2	3	A,S,T	T	NA	NO	T	A	S	T	T	T	A	A	T
167	L	L	60.22	0	1	L	L	NA	NO	L	L	L	L	L	L	L	L	L
168	I	E	30.99	3	4	A,E,R,V	E	NA	NO	E	V	R	R	E	A	E	V	R
169	S	A	68.9	2	3	A,L,V	A	NA	NO	A	A	L	A	A	V	A	A	L
170	A	A	64.08	2	3	A,G,V	A	NA	NO	A	G	A	A	V	A	A	A	A
171	A	A	24.88	4	5	A,D,R,S,T	A	NA	NO	A	A	R	S	T	D	A	A	S
172	N	D	33.79	3	4	D,E,Q,R	D	NA	NO	D	D	D	E	D	D	D	R	Q
173	N	R	43.78	2	3	D,N,R	R	NA	NO	R	D	N	R	R	R	R	D	R
174	P	P	71.72	0	1	P	P	NA	NO	P	P	P	P	P	P	P	P	P
175	S	R	28.09	3	4	D,E,R,S	R	NA	NO	S	R	S	D	S	E	R	R	D
176	L	L	43.47	1	2	L,V	L	NA	NO	L	V	L	L	L	L	L	V	L
177	K	K	31.69	2	3	D,K,R	K	NA	NO	K	K	K	K	R	R	K	D	K
178	A	A	54.46	2	3	A,S,T	A	NA	NO	A	S	A	A	A	A	A	T	A
179	A	A	49.6	1	2	A,V	A	NA	NO	A	V	A	A	A	A	A	A	A
180	A	V	43.29	2	3	I,L,V	I	NA	NO	I	L	I	I	V	I	V	V	I
181	P	P	61.18	0	1	P	P	NA	NO	P	P	P	P	P	P	P	P	P
182	Q	L	45.85	1	2	I,L	L	NA	NO	L	L	L	L	L	L	L	I	L
183	A	A	37.7	3	4	A,D,Q,T	A	NA	NO	A	D	A	T	T	T	A	Q	T
184	P	P	54.56	1	2	P,S	P	NA	NO	P	S	P	P	P	P	P	P	P
185	W	W	63.21	0	1	W	W	NA	NO	W	W	W	W	W	W	W	W	W
186	D	N	29.82	2	3	D,H,N	N	DuraPETase:D186H,FAST-PETase:D186H	YES	D	N	N	H	N	H	N	N	H
187	S	L	23.44	3	4	A,L,S,T	L	NA	NO	L	A	S	L	L	T	L	A	L
188	S	D	41.79	3	4	D,N,Q,S	D	NA	NO	D	D	S	D	D	Q	D	D	N
189	T	K	31.81	3	4	G,K,P,T	K	NA	NO	K	G	T	K	K	K	K	P	K
190	N	S	19.22	4	5	A,N,R,S,T	S	NA	NO	N	T	A	T	T	R	S	S	N
191	F	W	68.62	1	2	F,W	W	NA	NO	W	W	F	W	W	W	W	W	W
192	S	S	32.01	3	4	N,P,R,S	S	NA	NO	S	N	R	S	R	S	S	P	S
193	S	G	21.01	5	6	D,G,K,L,N,S	G	NA	NO	N	K	S	N	G	D	G	L	S
194	V	V	40.55	1	2	L,V	V	NA	NO	V	L	V	V	V	L	L	V	V
195	T	R	27.8	4	5	E,H,Q,R,T	R	NA	NO	R	H	T	Q	H	E	R	R	T
196	V	V	40.32	1	2	T,V	V	NA	NO	V	T	V	V	T	V	V	T	V
197	P	P	90.84	0	1	P	P	NA	NO	P	P	P	P	P	P	P	P	P
198	T	T	53.14	2	3	A,T,V	T	NA	NO	T	A	T	T	T	T	T	V	T
199	L	L	48.31	0	1	L	L	NA	NO	L	L	L	L	L	L	L	L	L
200	I	I	36.23	2	3	F,I,Y	I	NA	NO	I	F	I	I	I	I	I	Y	I
201	F	I	33.55	2	3	F,I,V	I	NA	NO	I	V	F	I	I	I	I	V	I
202	A	G	39.52	2	3	A,D,G	G	NA	NO	G	D	G	G	G	G	G	A	G
203	C	G	69.24	2	3	A,C,G	A	NA	NO	A	G	C	A	A	A	G	G	A
204	E	E	26.94	3	4	D,E,G,Q	E	NA	NO	Q	G	E	E	G	E	E	Q	D
205	N	N	30.02	4	5	D,L,N,P,R	N	NA	NO	N	P	N	D	P	N	N	R	L
206	D	D	87.34	0	1	D	D	NA	NO	D	D	D	D	D	D	D	D	D
207	S	T	23.06	2	3	D,S,T	T	NA	NO	T	D	S	T	T	S	S	T	T
208	I	I	47.88	1	2	I,V	I	NA	NO	I	V	I	I	V	I	I	I	I
209	A	A	66.72	0	1	A	A	NA	NO	A	A	A	A	A	A	A	A	A
210	P	P	33.28	2	3	P,S,Y	P	NA	NO	P	Y	P	P	P	S	S	P	P
211	V	V	34.03	1	2	P,V	V	NA	NO	V	P	V	V	V	V	P	P	V
212	N	A	22.74	4	5	A,N,R,S,T	A	NA	NO	A	N	R	T	N	R	S	A	N
213	S	S	34.36	2	3	A,S,T	S	NA	NO	S	S	S	T	S	S	S	A	T
214	S	H	46.25	2	3	H,L,Y	H	NA	NO	H	Y	H	H	H	H	H	L	H
215	A	S	32.09	2	3	A,S,V	A	NA	NO	A	V	A	A	A	S	S	V	A
216	L	E	24.02	4	5	E,I,K,R,V	E	NA	NO	E	R	I	E	V	I	E	R	K
217	P	P	49.12	1	2	P,R	P	NA	NO	P	P	P	P	P	P	P	R	P
218	I	F	51.56	1	2	F,R	F	NA	NO	F	R	F	F	F	F	F	F	F
219	Y	Y	83.8	0	1	Y	Y	NA	NO	Y	Y	Y	Y	Y	Y	Y	Y	Y
220	D	N	25.04	4	5	D,E,N,R,T	N	NA	NO	N	D	N	E	T	E	N	R	N
221	S	S	36.17	3	4	A,D,L,S	S	NA	NO	S	L	A	S	S	S	S	D	S
222	M	L	39.37	2	3	A,I,L	L	NA	NO	L	A	I	L	L	L	L	L	L
223	S	A	25.78	2	3	A,D,S	S	NA	NO	A	D	S	S	S	S	A	S	S
224	R	S	25.42	3	4	A,P,S,T	S	DuraPETase:R224Q,FAST-PETase:R224Q	YES	A	T	S	S	S	S	S	P	S
225	N	V	20.26	5	6	A,I,L,P,T,V	V	NA	NO	P	V	T	L	L	L	A	V	I
226	A	P	42.47	3	4	D,E,P,S	P	NA	NO	E	P	D	D	D	D	P	P	S
227	K	K	53.3	1	2	A,K	K	NA	NO	K	A	K	K	K	A	K	A	K
228	Q	A	53.29	1	2	A,V	A	NA	NO	A	V	A	A	A	A	A	A	A
229	F	Y	54.06	0	1	Y	Y	NA	NO	Y	Y	Y	Y	Y	Y	Y	Y	Y
230	L	L	34.67	1	2	A,L	L	NA	NO	L	A	L	L	L	L	A	L	L
231	E	E	56.99	0	1	E	E	NA	NO	E	E	E	E	E	E	E	E	E
232	I	L	57.44	3	4	I,L,N,V	L	NA	NO	L	N	I	L	L	L	L	V	L
233	N	N	17.61	4	5	A,D,N,P,R	N	FAST-PETase:N233K	YES	A	P	N	D	N	R	N	R	D
234	G	G	59.13	1	2	A,G	G	NA	NO	G	G	G	G	A	G	G	G	G
235	G	A	66.13	1	2	A,G	A	NA	NO	A	A	G	A	A	A	A	A	A
236	S	G	36.7	2	3	G,S,T	G	NA	NO	G	G	S	S	G	S	G	G	T
237	H	H	99.2	0	1	H	H	NA	NO	H	H	H	H	H	H	H	H	H
238	S	F	46.55	0	1	F	F	NA	NO	F	F	F	F	F	F	F	F	F
239	C	A	21.84	4	5	A,C,F,S,T	A	NA	NO	T	F	C	A	A	A	F	S	A
240	A	P	60.78	3	4	A,F,P,Y	P	NA	NO	F	Y	A	P	P	P	P	P	P
241	N	N	27.8	1	2	G,N	N	NA	NO	N	G	N	N	N	N	G	G	N
242	S	T	24.75	5	6	D,E,I,Q,S,T	T	NA	NO	S	Q	S	T	T	E	T	D	I
243	G	P	27.48	4	5	G,P,R,S,T	P	NA	NO	P	R	G	S	T	S	P	S	P
244	N	N	50.0	2	3	D,G,N	N	NA	NO	N	D	N	N	N	N	N	G	N
245	S	G	44.0	1	2	G,I	G	NA	NO	G	G	G	NA	NA	G	G	I	G
246	N	Q	38.36	2	3	H,P,Q	Q	NA	NO	Q	P	H	NA	NA	NA	Q	Q	NA
247	Q	Q	19.0	4	5	A,D,L,Q,R	Q	NA	NO	L	R	D	NA	A	NA	Q	L	NA
248	A	T	47.55	3	4	A,E,K,T	T	NA	NO	T	E	A	T	T	T	T	T	K
249	L	T	32.34	3	4	D,E,I,T	T	NA	NO	T	E	T	T	T	T	T	D	I
250	I	I	28.71	2	3	A,F,I	I	NA	NO	I	A	I	I	I	I	F	F	I
251	G	A	43.14	2	3	A,G,V	A	NA	NO	A	V	G	A	G	A	A	A	G
252	K	K	37.4	2	3	G,K,R	K	NA	NO	K	G	K	K	K	R	K	G	K
253	K	Y	43.66	2	3	P,V,Y	Y	NA	NO	Y	V	Y	Y	Y	Y	Y	P	Y
254	G	S	21.99	4	5	A,G,L,S,T	S	NA	NO	S	L	G	S	A	S	S	T	S
255	V	T	34.62	2	3	I,T,V	V	NA	NO	I	V	V	I	V	I	T	T	V
256	A	A	56.41	1	2	A,S	A	NA	NO	A	A	S	A	A	S	A	A	A
257	W	W	91.99	0	1	W	W	NA	NO	W	W	W	W	W	W	W	W	W
258	M	L	60.97	2	3	F,L,M	L	NA	NO	L	F	M	L	M	L	L	L	L
259	K	K	53.39	2	3	D,K,R	K	NA	NO	K	D	K	K	K	K	K	R	K
260	R	R	39.55	1	2	F,R	R	NA	NO	R	F	R	R	R	R	R	F	R
261	F	F	33.71	1	2	F,T	F	NA	NO	F	T	F	F	F	F	F	T	F
262	M	L	55.56	1	2	L,V	L	NA	NO	V	L	V	V	L	V	L	L	V
263	D	D	44.81	2	3	D,M,N	D	NA	NO	D	N	D	D	D	D	D	M	D
264	N	G	40.74	2	3	D,G,N	G	NA	NO	N	G	N	N	D	D	G	G	N
265	D	D	91.8	0	1	D	D	NA	NO	D	D	D	D	D	D	D	D	D
266	T	T	40.35	2	3	E,R,T	T	NA	NO	T	R	T	T	T	E	T	T	T
267	R	A	46.62	1	2	A,R	R	NA	NO	R	A	R	R	R	R	A	A	R
268	Y	Y	44.93	1	2	R,Y	Y	NA	NO	Y	R	Y	Y	Y	Y	Y	R	Y
269	S	A	19.43	5	6	A,D,E,G,S,T	A	NA	NO	D	A	S	T	A	E	A	G	T
270	T	Q	36.11	3	4	P,Q,R,Y	Q	NA	NO	Q	Y	P	Q	R	Q	Q	Q	Q
271	F	F	88.02	0	1	F	F	NA	NO	F	F	F	F	F	F	F	F	F
272	A	L	46.59	1	2	F,L	L	NA	NO	L	L	L	L	L	L	L	F	L
273	C	C	44.0	1	2	C,G	C	NA	NO	C	G	C	C	C	C	G	G	C
274	E	P	60.83	1	2	G,P	P	NA	NO	P	P	G	P	P	P	P	P	P
275	N	A	38.67	3	4	A,G,L,P	A	NA	NO	A	A	A	G	G	P	A	L	G
276	P	P	82.35	0	1	P	P	NA	NO	P	P	P	P	P	P	P	P	P
277	N	S	17.41	4	5	G,H,R,S,T	S	NA	NO	S	S	H	S	S	R	G	T	R
278	S	N	18.93	5	6	E,F,G,N,S,T	S	NA	NO	S	T	S	F	E	G	N	S	F
279	T	S	18.01	5	6	D,G,L,P,S,T	S	NA	NO	S	P	S	S	L	T	T	D	G
280	R	A	18.4	5	6	A,D,E,G,T,Y	A	FAST-PETase:R280A	YES	T	G	Y	D	G	D	A	T	E
281	V	I	54.7	2	3	F,I,V	I	NA	NO	I	I	V	I	V	F	I	I	V
282	S	S	33.39	1	2	E,S	S	NA	NO	S	S	S	S	E	S	S	S	E
283	D	E	30.75	3	4	A,D,E,S	E	NA	NO	E	A	E	E	E	D	E	S	E
284	F	Y	40.07	2	3	A,V,Y	Y	NA	NO	Y	V	Y	Y	Y	Y	Y	A	Y
285	R	R	44.61	2	3	E,R,T	R	NA	NO	R	T	R	R	R	R	R	E	R
286	T	D	19.67	2	3	D,R,S	S	NA	NO	D	R	S	S	S	D	R	R	S
287	A	T	36.21	3	4	K,N,S,T	T	NA	NO	T	K	T	T	T	S	T	N	T
288	N	N	36.56	3	4	A,G,L,N	N	NA	NO	A	N	N	N	G	N	N	L	N
289	C	C	69.43	2	3	C,V,Y	C	NA	NO	C	V	C	C	C	C	C	Y	C
290	S	P	77.39	0	1	P	P	NA	NO	P	P	P	P	P	P	P	P	P
