IsPETase_position	IsPETase_residue	TfCut2_position	TfCut2_residue	IsPETase_like_consensus	Thermobifida_consensus	Global_consensus	IsPETase_like_conservation	Thermobifida_conservation	Global_conservation
3	F	14	L	I	L	L	33.33	100.0	19.89
4	P	15	S	P	S	R	80.0	81.25	29.16
5	R	16	R	R	R	R	75.0	100.0	64.14
6	A	17	A	L	A	A	40.0	62.5	21.33
7	S	18	L	S	L	L	60.0	56.25	23.0
8	R	19	Q	R	R	R	60.0	50.0	39.52
9	L	20	V	L	V	R	66.67	37.5	17.02
14	V	21	T	L	T	A	57.14	62.5	24.19
15	L	22	A	A	A	L	57.14	81.25	42.03
16	G	23	A	V	A	A	42.86	75.0	33.72
18	L	25	A	A	A	A	57.14	100.0	42.76
19	M	26	T	L	T	A	28.57	78.57	36.72
20	A	27	A	A	A	A	42.86	71.43	42.86
21	V	28	L	V	L	L	42.86	64.29	51.03
22	S	29	V	A	V	A	50.0	57.14	33.43
23	A	30	T	A	T	A	83.33	37.5	42.3
25	A	31	A	A	T	G	80.0	50.0	33.15
26	T	32	V	V	V	G	60.0	75.0	33.74
27	A	40	A	A	A	A	80.0	92.86	81.55
28	Q	41	A	E	A	A	33.33	82.35	38.09
30	N	42	N	N	N	N	90.0	82.35	33.26
31	P	43	P	P	P	P	90.0	100.0	71.97
32	Y	44	Y	Y	Y	Y	100.0	100.0	59.48
33	A	45	E	Q	E	E	50.0	100.0	44.0
34	R	46	R	R	R	R	60.0	100.0	82.23
35	G	47	G	G	G	G	100.0	100.0	82.52
36	P	48	P	P	P	P	100.0	100.0	87.74
37	N	49	N	D	N	A	60.0	70.59	33.78
38	P	50	P	P	P	P	100.0	100.0	69.74
39	T	51	T	T	T	T	100.0	82.35	52.8
40	A	52	D	A	E	E	40.0	35.29	42.57
41	A	53	A	S	A	A	70.0	47.06	34.1
42	S	54	L	S	L	S	50.0	41.18	33.52
43	L	55	L	L	L	I	80.0	70.59	19.24
44	E	56	E	E	E	E	90.0	82.35	28.26
45	A	57	A	A	A	A	70.0	82.35	56.95
46	S	58	S	T	R	P	28.57	64.71	29.19
47	A	59	S	R	S	R	30.0	78.57	61.7
48	G	60	G	G	G	G	100.0	100.0	90.92
49	P	61	P	P	P	P	100.0	100.0	74.88
50	F	62	F	F	F	F	70.0	92.86	44.43
51	T	63	S	S	S	A	40.0	85.71	36.99
52	V	64	V	V	V	V	50.0	100.0	40.69
53	R	65	S	R	S	A	50.0	92.86	23.68
54	S	66	E	S	E	Q	50.0	92.86	16.93
55	F	67	E	T	E	T	40.0	92.86	24.2
56	T	68	N	S	R	S	50.0	71.43	22.56
57	V	69	V	V	A	V	100.0	57.14	47.55
58	S	70	S	S	S	S	100.0	92.86	60.91
59	R	71	R	R	R	S	60.0	85.71	47.33
60	P	72	L	V	L	L	60.0	61.54	56.63
61	S	75	S	S	D	S	70.0	57.14	34.62
62	G	76	G	G	G	G	100.0	100.0	87.26
63	Y	77	F	F	F	F	80.0	82.35	82.02
64	G	78	G	G	G	G	100.0	82.35	56.6
65	A	79	G	G	G	G	80.0	88.24	56.46
66	G	80	G	G	G	G	100.0	82.35	43.18
67	T	81	T	T	T	T	70.0	100.0	64.37
68	V	82	I	I	I	I	50.0	100.0	50.88
69	Y	83	Y	Y	Y	Y	90.0	100.0	75.28
70	Y	84	Y	Y	Y	Y	100.0	82.35	68.26
71	P	85	P	P	P	P	100.0	100.0	99.04
72	T	86	R	T	R	T	80.0	64.71	37.0
74	A	87	E	A	E	T	60.0	70.59	36.26
75	G	88	N	S	N	S	40.0	82.35	36.01
77	T	90	T	T	T	T	80.0	82.35	45.98
78	V	91	Y	Y	Y	F	40.0	70.59	40.55
79	G	92	G	G	G	P	80.0	82.35	53.14
80	A	93	A	A	A	A	90.0	82.35	34.14
81	I	94	V	I	V	V	70.0	58.82	48.96
82	A	95	A	A	A	A	90.0	82.35	41.19
83	I	96	I	V	I	W	60.0	100.0	36.9
84	V	97	S	S	S	G	60.0	82.35	41.72
85	P	98	P	P	P	P	100.0	82.35	46.34
86	G	99	G	G	G	G	100.0	82.35	98.73
87	Y	100	Y	Y	Y	Y	60.0	82.35	25.52
88	T	101	T	T	T	T	80.0	82.35	33.49
89	A	102	G	G	G	A	50.0	94.12	53.83
90	R	103	T	T	T	T	60.0	82.35	19.9
91	Q	104	E	Q	Q	Q	60.0	64.71	19.24
92	S	105	A	S	A	S	100.0	41.18	28.87
93	S	106	S	S	S	S	70.0	82.35	35.89
94	I	107	I	I	I	M	70.0	52.94	19.01
95	K	108	A	S	A	A	30.0	70.59	26.43
96	W	109	W	W	W	W	60.0	82.35	44.59
97	W	110	L	W	L	L	70.0	82.35	54.33
98	G	111	G	G	G	G	100.0	82.35	40.45
99	P	112	E	P	E	P	40.0	94.12	29.76
100	R	113	R	R	R	R	100.0	82.35	41.6
101	L	114	I	L	I	L	90.0	88.24	56.32
102	A	115	A	A	A	A	100.0	100.0	95.22
103	S	116	S	S	S	S	90.0	100.0	88.38
104	H	117	H	H	H	H	80.0	94.12	42.04
105	G	118	G	G	G	G	100.0	100.0	99.04
106	F	119	F	F	F	F	100.0	100.0	85.99
107	V	120	V	V	V	V	100.0	82.35	62.96
108	V	121	V	V	V	V	100.0	100.0	89.69
109	I	122	I	I	I	I	40.0	88.24	33.65
110	T	123	T	T	T	A	70.0	58.82	45.66
111	I	124	I	I	I	I	100.0	82.35	36.71
112	D	125	D	D	D	D	100.0	82.35	30.27
113	T	126	T	T	T	T	100.0	82.35	53.31
114	N	127	I	N	N	N	70.0	64.71	26.19
115	S	128	T	T	T	T	60.0	82.35	54.84
116	T	129	T	T	T	R	50.0	82.35	31.33
117	L	130	L	L	L	Y	50.0	82.35	24.88
118	D	131	D	D	D	D	100.0	82.35	65.7
119	Q	132	Q	Q	Q	Q	100.0	82.35	51.45
120	P	133	P	P	P	P	100.0	82.35	46.37
121	S	134	D	D	D	D	60.0	100.0	20.23
122	S	135	S	S	S	S	100.0	100.0	38.9
123	R	136	R	R	R	R	100.0	100.0	48.0
124	S	137	A	A	A	G	70.0	94.12	57.88
125	S	138	E	S	R	R	40.0	47.06	27.53
126	Q	139	Q	Q	Q	Q	100.0	82.35	48.24
127	Q	140	L	L	L	L	70.0	100.0	52.24
128	M	141	N	M	N	L	30.0	58.82	43.61
129	A	142	A	A	A	A	100.0	76.47	60.38
130	A	143	A	A	A	A	100.0	100.0	71.41
131	L	144	L	L	L	L	100.0	82.35	54.79
132	R	145	N	D	D	D	60.0	82.35	64.06
133	Q	146	H	Y	Y	Y	70.0	52.94	46.49
134	V	147	M	V	M	L	40.0	82.35	66.29
135	A	148	I	A	I	T	40.0	41.18	27.88
136	S	149	N	T	N	A	30.0	52.94	23.79
137	L	150	R	Q	D	E	71.43	52.94	34.29
139	G	151	A	G	A	A	71.43	70.59	27.52
140	T	152	S	R	S	R	40.0	82.35	31.63
141	S	153	S	S	S	S	90.0	94.12	88.65
142	S	154	T	S	A	P	80.0	35.29	26.96
145	I	155	V	I	V	V	80.0	82.35	37.06
146	Y	156	R	Y	R	R	50.0	100.0	37.02
147	G	157	S	G	S	G	30.0	47.06	38.3
148	K	158	R	K	R	R	50.0	88.24	56.73
149	V	159	I	V	I	I	80.0	82.35	42.26
150	D	160	D	D	D	D	100.0	100.0	88.52
151	T	161	S	T	S	T	50.0	47.06	29.9
152	A	162	S	S	S	S	60.0	70.59	23.51
153	R	163	R	R	R	R	100.0	82.35	64.33
154	M	164	L	L	L	L	50.0	82.35	43.47
155	G	165	A	G	A	A	50.0	100.0	49.04
156	V	166	V	V	V	V	70.0	88.24	55.41
157	M	167	M	M	M	M	40.0	100.0	38.38
158	G	168	G	G	G	G	100.0	100.0	99.36
159	W	169	H	H	H	H	60.0	82.35	79.39
160	S	170	S	S	S	S	80.0	100.0	98.57
161	M	171	M	M	M	M	100.0	82.35	49.12
162	G	172	G	G	G	G	100.0	100.0	99.68
163	G	173	G	G	G	G	100.0	100.0	84.66
164	G	174	G	G	G	G	100.0	82.35	63.3
165	G	175	G	G	G	G	100.0	82.35	64.64
166	S	176	T	S	T	T	70.0	94.12	39.3
167	L	177	L	L	L	L	100.0	82.35	60.22
168	I	178	R	R	R	E	30.0	82.35	30.99
169	S	179	L	L	L	A	40.0	82.35	68.9
170	A	180	A	A	A	A	90.0	100.0	64.08
171	A	181	S	R	S	A	40.0	70.59	24.88
172	N	182	Q	D	Q	D	50.0	64.71	33.79
173	N	183	R	N	R	R	60.0	100.0	43.78
174	P	184	P	P	P	P	100.0	100.0	71.72
175	S	185	D	S	D	R	60.0	82.35	28.09
176	L	186	L	L	L	L	60.0	82.35	43.47
177	K	187	K	K	K	K	60.0	70.59	31.69
178	A	188	A	A	A	A	100.0	82.35	54.46
179	A	189	A	A	A	A	100.0	82.35	49.6
180	A	190	I	I	I	V	70.0	82.35	43.29
181	P	191	P	P	P	P	90.0	82.35	61.18
182	Q	192	L	L	L	L	40.0	82.35	45.85
183	A	193	T	A	T	A	70.0	82.35	37.7
184	P	194	P	P	P	P	90.0	82.35	54.56
185	W	195	W	W	W	W	100.0	82.35	63.21
186	D	196	H	N	H	N	33.33	82.35	29.82
187	S	197	L	T	L	L	70.0	88.24	23.44
188	S	198	N	S	N	D	50.0	88.24	41.79
189	T	199	K	S	K	K	40.0	82.35	31.81
190	N	200	N	T	S	S	60.0	35.29	19.22
191	F	201	W	F	W	W	80.0	82.35	68.62
192	S	202	S	R	S	S	40.0	47.06	32.01
193	S	203	S	S	S	G	60.0	47.06	21.01
194	V	204	V	V	V	V	70.0	58.82	40.55
195	T	205	T	T	T	R	30.0	41.18	27.8
196	V	206	V	V	V	V	80.0	82.35	40.32
197	P	207	P	P	P	P	100.0	100.0	90.84
198	T	208	T	T	T	T	100.0	82.35	53.14
199	L	209	L	L	L	L	70.0	82.35	48.31
200	I	210	I	I	I	I	90.0	82.35	36.23
201	F	211	I	F	I	I	50.0	82.35	33.55
202	A	212	G	G	G	G	60.0	82.35	39.52
203	C	213	A	C	A	G	70.0	82.35	69.24
204	E	214	D	E	D	E	70.0	52.94	26.94
205	N	215	L	N	L	N	50.0	52.94	30.02
206	D	216	D	D	D	D	100.0	88.24	87.34
207	S	217	T	S	T	T	70.0	82.35	23.06
208	I	218	I	I	I	I	80.0	94.12	47.88
209	A	219	A	A	A	A	100.0	100.0	66.72
210	P	220	P	P	P	P	70.0	58.82	33.28
211	V	221	V	V	V	V	90.0	82.35	34.03
212	N	222	A	R	L	A	30.0	23.53	22.74
213	S	223	T	S	T	S	90.0	41.18	34.36
214	S	224	H	H	H	H	60.0	82.35	46.25
215	A	225	A	A	A	S	60.0	47.06	32.09
216	L	226	K	I	E	E	40.0	35.29	24.02
217	P	227	P	P	P	P	100.0	100.0	49.12
218	I	228	F	F	F	F	60.0	92.86	51.56
219	Y	229	Y	Y	Y	Y	100.0	82.35	83.8
220	D	230	N	N	N	N	90.0	76.47	25.04
221	S	231	S	A	S	S	40.0	82.35	36.17
222	M	232	L	I	L	L	50.0	64.71	39.37
223	S	234	S	P	S	A	80.0	47.06	25.78
224	R	235	S	S	S	S	30.0	76.47	25.42
225	N	236	I	S	T	V	80.0	35.29	20.26
226	A	237	S	D	S	P	40.0	35.29	42.47
227	K	238	K	K	K	K	100.0	82.35	53.3
228	Q	239	A	A	A	A	60.0	82.35	53.29
229	F	240	Y	Y	Y	Y	70.0	82.35	54.06
230	L	241	L	L	L	L	50.0	82.35	34.67
231	E	242	E	E	E	E	90.0	82.35	56.99
232	I	243	L	I	L	L	70.0	100.0	57.44
233	N	244	D	N	D	N	40.0	82.35	17.61
234	G	245	G	G	G	G	70.0	85.71	59.13
235	G	246	A	G	A	A	40.0	82.35	66.13
236	S	247	T	S	T	G	50.0	52.94	36.7
237	H	248	H	H	H	H	100.0	100.0	99.2
238	S	249	F	F	F	F	60.0	82.35	46.55
239	C	250	A	C	A	A	70.0	82.35	21.84
240	A	251	P	A	P	P	40.0	100.0	60.78
241	N	252	N	N	N	N	70.0	94.12	27.8
242	S	253	I	S	I	T	40.0	78.57	24.75
243	G	254	P	G	P	P	60.0	42.86	27.48
244	N	255	N	N	N	N	60.0	82.35	50.0
248	A	256	K	A	K	T	50.0	58.82	47.55
249	L	257	I	T	T	T	50.0	47.06	32.34
250	I	258	I	I	I	I	50.0	82.35	28.71
251	G	259	G	G	G	A	80.0	88.24	43.14
252	K	260	K	K	K	K	90.0	47.06	37.4
253	K	261	Y	Y	Y	Y	60.0	82.35	43.66
254	G	262	S	G	S	S	70.0	76.47	21.99
255	V	263	V	V	V	T	50.0	82.35	34.62
256	A	264	A	S	A	A	60.0	70.59	56.41
257	W	265	W	W	W	W	100.0	100.0	91.99
258	M	266	L	M	L	L	70.0	100.0	60.97
259	K	267	K	K	K	K	100.0	100.0	53.39
260	R	268	R	R	R	R	90.0	82.35	39.55
261	F	269	F	F	F	F	90.0	82.35	33.71
262	M	270	V	V	V	L	50.0	82.35	55.56
263	D	271	D	D	D	D	100.0	82.35	44.81
264	N	272	N	N	E	G	40.0	35.29	40.74
265	D	273	D	D	D	D	100.0	82.35	91.8
266	T	274	T	T	T	T	80.0	82.35	40.35
267	R	275	R	R	R	A	100.0	82.35	46.62
268	Y	276	Y	Y	Y	Y	100.0	82.35	44.93
269	S	277	T	S	T	A	60.0	82.35	19.43
270	T	278	Q	P	Q	Q	50.0	94.12	36.11
271	F	279	F	F	F	F	100.0	100.0	88.02
272	A	280	L	L	L	L	60.0	82.35	46.59
273	C	281	C	C	C	C	100.0	100.0	44.0
274	E	282	P	G	P	P	70.0	100.0	60.83
275	N	283	G	A	G	A	50.0	100.0	38.67
276	P	284	P	P	P	P	40.0	94.12	82.35
277	N	285	R	H	R	S	40.0	70.59	17.41
278	S	289	F	S	F	N	75.0	52.94	18.93
279	T	290	G	D	S	S	30.0	41.18	18.01
280	R	291	E	R	D	A	50.0	58.82	18.4
281	V	292	V	E	V	I	37.5	100.0	54.7
282	S	293	E	V	E	S	60.0	76.47	33.39
283	D	294	E	S	E	E	60.0	82.35	30.75
284	F	295	Y	E	Y	Y	30.0	82.35	40.07
285	R	296	R	Y	R	R	50.0	82.35	44.61
286	T	297	S	R	S	D	50.0	82.35	19.67
287	A	298	T	S	T	T	40.0	82.35	36.21
289	C	299	C	C	C	C	100.0	100.0	69.43
290	S	300	P	P	P	P	80.0	100.0	77.39
