IsPETase_position	Residue	Alignment_position	Consensus	Conservation_percent	Unique_aminoacids	Counts
1	M	162	R	20.41	17	A:5,E:1,F:3,G:11,H:4,I:3,K:4,L:7,M:5,N:7,P:1,Q:7,R:20,S:12,T:5,V:2,Y:1
2	N	164	T	20.81	16	A:27,E:5,F:6,G:6,I:15,K:2,L:13,M:28,N:1,P:5,Q:4,R:9,S:5,T:36,V:5,W:6
3	F	165	R	29.18	18	A:8,D:3,F:8,G:25,H:2,I:4,K:2,L:57,M:11,N:4,P:10,Q:2,R:68,S:9,T:6,V:7,W:5,Y:2
4	P	166	R	29.61	18	A:81,C:3,D:1,F:6,G:15,H:8,I:15,K:32,L:23,M:15,N:8,P:13,Q:1,R:135,S:60,T:26,V:12,Y:2
5	R	167	R	63.73	20	A:11,C:1,D:1,E:2,F:1,G:5,H:7,I:5,K:34,L:30,M:6,N:2,P:6,Q:8,R:297,S:7,T:15,V:16,W:11,Y:1
6	A	168	A	28.65	18	A:55,C:1,F:3,G:7,H:1,I:1,K:4,L:15,M:4,N:1,P:4,Q:2,R:11,S:19,T:50,V:11,W:2,Y:1
7	S	169	L	22.53	19	A:35,C:2,D:1,F:19,G:12,H:1,I:23,K:7,L:66,M:5,N:1,P:13,Q:18,R:23,S:15,T:23,V:19,W:7,Y:3
8	R	170	R	41.18	13	A:17,F:1,G:3,H:3,I:1,K:8,L:10,N:3,Q:7,R:49,S:8,T:7,V:2
9	L	171	R	15.91	13	A:13,F:10,I:7,K:2,L:13,M:1,N:1,P:2,R:14,T:12,V:9,W:3,Y:1
10	M	188	A	38.89	11	A:56,F:5,G:3,I:6,K:2,L:32,M:12,R:4,S:1,T:7,V:16
11	Q	189	A	38.1	11	A:48,G:17,K:3,L:6,M:6,P:1,Q:1,R:3,S:5,T:34,V:2
12	A	190	R	28.74	10	A:7,H:1,I:1,K:19,L:8,P:2,R:25,S:5,T:18,V:1
13	A	191	L	51.76	9	A:8,I:6,K:1,L:44,P:1,R:6,S:7,T:6,V:6
14	V	199	A	23.64	18	A:117,C:13,F:11,G:23,H:3,I:20,K:42,L:89,M:9,N:1,P:10,Q:2,R:20,S:27,T:56,V:45,W:5,Y:2
15	L	200	L	43.08	15	A:80,C:4,F:27,G:1,H:1,I:37,L:252,M:36,P:2,R:17,S:17,T:36,V:73,W:1,Y:1
16	G	212	A	35.55	17	A:203,C:13,F:8,G:31,H:2,I:13,K:16,L:50,M:10,N:1,P:10,Q:6,R:45,S:49,T:59,V:52,W:3
17	G	213	G	18.75	8	A:3,G:3,L:1,N:1,Q:1,R:2,S:2,T:3
18	L	230	A	38.36	14	A:252,C:3,E:1,F:18,G:40,I:27,K:1,L:131,M:7,Q:1,R:6,S:22,T:59,V:89
19	M	231	A	39.22	16	A:271,C:8,E:3,F:12,G:32,I:30,L:144,M:13,N:1,P:15,Q:1,R:2,S:24,T:59,V:75,Y:1
20	A	233	A	40.26	15	A:277,C:5,F:7,G:75,I:17,L:91,M:8,N:2,P:16,R:3,S:43,T:52,V:88,W:1,Y:3
21	V	234	L	49.78	13	A:74,F:26,G:9,H:1,I:45,L:332,M:25,Q:3,R:2,S:10,T:23,V:116,W:1
22	S	235	A	36.09	18	A:170,C:4,D:2,E:2,F:8,G:53,H:1,I:23,L:67,M:1,N:2,P:5,Q:3,R:1,S:23,T:41,V:64,W:1
23	A	298	A	41.78	12	A:216,C:9,F:8,G:77,H:2,I:7,L:52,M:11,P:4,S:42,T:49,V:40
24	A	302	L	30.77	9	A:6,F:10,I:1,L:12,P:1,S:2,T:2,V:4,W:1
25	A	303	G	38.93	9	A:71,C:1,G:102,I:2,K:2,P:1,S:25,T:43,V:15
26	T	344	A	34.93	12	A:168,C:2,F:9,G:144,I:5,L:35,M:7,P:8,Q:3,S:25,T:36,V:39
27	A	461	A	70.43	16	A:343,C:6,D:7,E:2,F:1,G:10,I:2,K:2,L:6,N:9,P:22,Q:6,R:2,S:30,T:24,V:15
28	Q	473	A	37.62	15	A:190,D:60,E:40,G:16,H:2,I:1,K:1,L:1,N:2,P:49,Q:31,R:6,S:54,T:31,V:21
29	T	474	P	20.28	14	A:42,D:11,E:2,F:9,G:26,I:1,L:7,N:8,P:43,Q:1,R:1,S:25,T:21,V:15
30	N	475	N	38.2	18	A:26,C:7,D:8,E:5,G:64,H:4,I:10,K:3,L:2,M:2,N:144,P:20,Q:9,R:8,S:41,T:18,V:5,Y:1
31	P	490	P	75.39	17	A:25,C:1,D:8,E:6,G:13,H:1,I:1,K:3,L:2,N:1,P:340,Q:5,R:2,S:25,T:8,V:8,W:2
32	Y	491	Y	50.32	17	A:42,D:10,E:2,F:27,G:13,H:18,I:5,K:10,L:3,N:14,P:8,Q:3,R:5,S:27,T:29,V:14,Y:233
33	A	493	E	34.68	17	A:112,D:28,E:180,F:3,G:18,H:4,I:1,K:9,L:6,N:4,P:20,Q:55,R:22,S:27,T:11,V:16,Y:3
34	R	550	R	73.91	14	A:11,D:3,E:2,G:9,H:9,I:6,K:12,L:2,N:1,Q:2,R:238,S:9,T:13,V:5
35	G	551	G	89.15	11	A:10,D:5,E:1,G:304,L:2,N:4,P:2,R:2,S:6,T:3,Y:2
36	P	587	P	83.4	14	A:22,C:1,D:6,E:4,F:1,G:7,H:1,I:2,K:1,P:392,R:15,S:5,T:5,V:8
37	N	594	A	27.39	16	A:143,D:133,E:8,G:110,H:10,K:5,L:4,N:48,P:8,Q:6,R:6,S:25,T:7,V:4,W:3,Y:2
38	P	610	P	69.44	16	A:38,D:8,E:3,F:1,G:4,I:3,K:9,L:2,N:4,P:325,Q:3,R:1,S:18,T:38,V:10,Y:1
39	T	611	T	54.83	18	A:20,C:1,D:2,E:6,F:5,G:11,H:2,I:56,K:3,L:15,N:2,P:4,Q:3,R:23,S:25,T:267,V:41,Y:1
40	A	612	E	43.29	16	A:20,D:59,E:216,F:2,G:15,K:8,L:10,M:1,N:41,P:13,Q:45,R:9,S:14,T:17,V:27,W:2
41	A	613	A	31.56	18	A:160,D:26,E:16,F:8,G:19,H:1,I:3,K:10,L:13,M:2,N:10,P:7,Q:41,R:26,S:102,T:49,V:9,Y:5
42	S	614	S	34.37	19	A:39,D:42,E:3,F:10,G:28,H:25,I:31,K:10,L:47,M:5,N:19,P:7,Q:15,R:19,S:177,T:19,V:11,W:5,Y:3
43	L	615	L	23.94	16	A:7,E:1,F:27,G:6,I:115,K:1,L:124,M:5,P:8,Q:1,R:1,S:6,T:7,V:74,W:49,Y:86
44	E	616	E	32.43	19	A:61,C:1,D:18,E:167,F:8,G:25,H:1,I:2,K:30,L:11,M:2,N:7,P:2,Q:5,R:22,S:66,T:69,V:7,Y:11
45	A	617	A	66.99	17	A:347,D:10,E:16,F:1,G:10,H:3,I:1,K:16,L:6,M:1,N:6,P:7,Q:17,R:14,S:20,T:16,V:27
46	S	618	P	27.74	16	A:65,D:14,E:30,F:2,G:8,H:1,I:4,K:6,L:37,N:10,P:139,Q:8,R:28,S:85,T:36,V:28
47	A	619	R	58.78	16	A:3,D:1,E:8,F:1,G:1,H:1,K:23,L:11,N:3,P:4,Q:3,R:174,S:29,T:31,V:2,Y:1
48	G	639	G	89.2	17	A:14,C:1,D:4,E:3,G:611,H:1,I:1,K:1,M:1,N:1,P:1,Q:6,R:6,S:7,T:16,V:10,Y:1
49	P	640	P	69.67	18	A:22,D:7,E:4,F:2,G:4,H:12,I:16,K:3,L:14,M:5,N:1,P:464,Q:6,R:7,S:41,T:25,V:25,Y:8
50	F	641	F	43.97	18	A:8,D:4,E:3,F:277,H:39,I:2,K:1,L:24,M:2,N:1,P:1,Q:2,R:12,S:5,T:3,V:3,W:58,Y:185
51	T	664	A	32.95	15	A:229,D:68,E:42,G:39,H:1,I:3,K:11,L:7,N:8,P:96,Q:34,R:26,S:92,T:37,V:2
52	V	665	V	34.76	18	A:90,C:1,D:4,E:3,F:12,G:3,H:1,I:55,K:2,L:8,M:11,P:12,Q:4,S:19,T:211,V:243,W:3,Y:17
53	R	666	A	22.07	19	A:147,C:6,D:73,E:39,G:48,H:1,I:10,K:3,L:7,M:4,N:7,P:3,Q:5,R:20,S:143,T:110,V:36,W:2,Y:2
54	S	667	Q	14.83	20	A:42,C:1,D:21,E:72,F:7,G:4,H:3,I:12,K:32,L:3,M:15,N:5,P:2,Q:98,R:44,S:73,T:80,V:55,W:6,Y:86
55	F	668	T	21.97	18	A:29,D:33,E:117,F:12,G:9,H:11,I:28,K:27,L:11,M:3,N:58,P:3,Q:35,R:27,S:29,T:143,V:61,Y:15
56	T	697	S	27.43	14	A:13,D:64,E:40,F:1,G:14,K:10,L:3,N:36,P:14,Q:5,R:31,S:110,T:54,V:6
57	V	698	V	67.18	16	A:21,E:1,F:12,G:1,H:4,I:14,K:1,L:45,M:5,N:2,P:2,R:6,S:6,T:5,V:264,Y:4
58	S	699	S	52.94	16	A:24,D:12,E:12,G:18,I:2,K:6,L:5,M:1,N:5,P:56,Q:6,R:3,S:207,T:29,V:4,W:1
59	R	700	S	50.48	16	A:41,D:13,E:6,F:6,G:17,H:1,K:1,L:1,N:4,P:12,Q:2,R:42,S:159,T:1,V:8,Y:1
60	P	701	L	57.24	19	A:13,D:2,E:4,F:19,G:37,H:1,I:4,K:3,L:166,M:4,N:6,P:5,Q:2,R:1,S:8,T:4,V:3,W:7,Y:1
61	S	714	T	30.57	19	A:55,C:2,D:35,E:27,F:2,G:61,H:2,I:4,K:16,L:15,N:27,P:18,Q:11,R:19,S:169,T:210,V:7,W:1,Y:6
62	G	715	G	66.19	15	A:64,D:24,E:20,F:2,G:462,K:8,L:15,N:12,P:10,Q:4,R:8,S:10,T:50,V:7,Y:2
63	Y	768	F	63.77	18	A:14,D:5,E:1,F:338,G:9,H:2,I:10,K:1,L:88,M:5,N:1,P:13,R:2,S:3,T:3,V:4,W:8,Y:23
64	G	769	G	41.12	18	A:111,C:3,D:1,E:4,F:18,G:243,I:5,K:2,L:10,N:42,P:65,Q:5,R:27,S:11,T:9,V:17,W:2,Y:16
65	A	770	G	48.33	14	A:13,D:39,E:22,G:290,H:1,K:32,L:3,N:16,P:9,Q:5,R:102,S:48,T:19,Y:1
66	G	771	G	48.9	16	A:82,C:15,D:1,E:1,F:10,G:354,H:130,I:2,K:2,L:1,N:14,Q:5,S:3,T:33,V:15,Y:56
67	T	772	T	64.89	18	A:10,D:42,E:11,F:1,H:1,I:5,K:22,L:1,M:3,N:8,P:1,Q:6,R:79,S:33,T:475,V:26,W:5,Y:3
68	V	773	I	44.19	15	A:7,C:1,D:5,F:31,G:18,I:323,L:99,M:5,Q:2,R:1,S:6,T:52,V:176,W:3,Y:2
69	Y	774	Y	75.8	12	D:1,F:66,H:21,I:4,K:1,L:2,R:3,S:4,T:6,V:4,W:40,Y:476
70	Y	775	Y	68.46	13	A:21,F:8,H:20,I:1,L:10,M:1,P:2,Q:1,R:126,S:1,T:4,V:4,Y:432
71	P	780	P	91.94	15	A:4,D:3,F:3,G:5,I:6,K:1,L:8,M:3,N:1,P:673,Q:3,R:1,S:11,T:5,V:5
72	T	781	T	32.92	19	A:151,C:9,D:12,E:16,F:1,G:93,H:1,I:3,K:25,L:5,M:1,N:24,P:6,Q:18,R:45,S:52,T:241,V:27,Y:2
73	N	782	D	41.41	16	A:21,D:294,E:19,G:37,H:2,K:7,L:2,M:1,N:132,P:5,Q:3,R:6,S:57,T:114,V:9,Y:1
74	A	789	L	29.96	15	A:20,D:16,E:16,F:4,G:14,I:74,L:207,M:49,P:11,Q:1,R:22,S:11,T:205,V:38,Y:3
75	G	793	S	35.87	15	A:161,D:24,E:23,G:39,K:8,L:4,M:1,N:21,P:15,Q:12,R:18,S:212,T:43,V:9,Y:1
76	G	795	G	84.79	15	A:7,C:2,D:5,E:5,G:446,H:1,K:2,L:1,M:1,N:10,P:19,Q:3,R:3,S:8,T:13
77	T	812	T	45.37	13	A:19,D:7,E:7,G:4,I:2,K:61,L:10,P:37,Q:17,R:138,S:23,T:279,V:11
78	V	813	F	40.38	14	A:11,C:2,F:252,H:138,I:2,L:119,M:11,N:3,R:6,S:4,T:5,V:12,W:7,Y:52
79	G	814	P	54.13	9	A:15,G:264,H:1,K:2,L:1,P:341,R:1,S:4,V:1
80	A	815	A	30.98	17	A:224,D:2,E:4,F:5,G:86,I:136,L:47,M:5,N:6,P:4,Q:4,R:2,S:12,T:18,V:165,W:2,Y:1
81	I	818	V	43.68	14	A:11,C:2,D:1,F:7,G:1,I:273,K:1,L:54,M:3,S:20,T:30,V:318,W:4,Y:3
82	A	819	A	36.99	13	A:270,C:1,E:3,G:2,H:1,I:49,L:69,M:5,N:1,P:3,S:15,T:90,V:221
83	I	820	W	37.07	10	A:4,F:58,H:5,I:164,L:35,M:9,T:4,V:103,W:235,Y:17
84	V	821	G	49.25	14	A:115,C:4,E:2,F:2,G:361,H:1,I:20,L:13,M:15,N:7,P:1,S:153,T:23,V:16
85	P	822	P	50.34	12	A:3,D:12,G:26,H:50,I:1,L:1,N:245,P:369,Q:17,S:4,T:2,V:3
86	G	823	G	86.18	15	A:17,D:5,E:1,F:1,G:630,I:1,K:3,L:3,N:3,P:46,Q:5,R:5,S:2,T:8,V:1
87	Y	824	F	26.03	15	A:109,F:190,G:20,I:11,K:1,L:42,M:9,P:1,Q:3,R:2,S:36,T:126,V:15,W:2,Y:163
88	T	825	T	29.34	19	A:31,C:112,D:4,E:1,F:66,G:68,H:3,I:13,K:10,L:32,M:6,N:51,Q:17,R:9,S:21,T:213,V:39,W:20,Y:10
89	A	826	A	48.28	17	A:350,D:20,E:15,F:1,G:62,I:2,K:15,L:7,M:2,N:26,P:6,Q:33,R:66,S:86,T:14,V:19,Y:1
90	R	828	T	19.57	18	A:75,C:1,D:45,F:9,G:32,H:12,I:5,K:7,L:8,N:24,P:58,Q:8,R:31,S:106,T:118,V:40,W:3,Y:21
91	Q	849	Q	27.07	16	A:4,E:69,F:2,H:1,I:1,K:34,L:6,M:2,N:1,Q:85,R:11,S:25,T:4,V:2,W:64,Y:3
92	S	850	S	48.98	16	A:40,D:62,E:23,F:5,G:16,H:1,I:6,K:7,L:5,N:19,P:5,Q:5,R:10,S:216,T:18,V:3
93	S	851	S	30.21	19	A:15,C:3,D:6,F:1,G:76,H:3,I:16,K:7,L:15,M:3,N:30,P:174,Q:7,R:10,S:190,T:37,V:18,W:17,Y:1
94	I	852	L	15.9	18	A:29,D:36,E:13,F:8,G:32,I:79,K:6,L:100,M:99,N:8,P:3,Q:10,R:13,S:49,T:82,V:39,W:12,Y:11
95	K	855	A	24.11	19	A:176,D:33,E:55,F:5,G:34,H:10,I:10,K:25,L:11,M:19,N:35,P:6,Q:62,R:13,S:127,T:25,V:29,W:40,Y:15
96	W	856	W	38.56	15	A:7,D:2,F:65,G:12,H:15,I:10,L:93,M:3,P:1,Q:3,S:7,T:3,V:7,W:283,Y:223
97	W	860	L	51.66	16	A:5,F:93,G:2,H:4,I:45,K:3,L:373,M:24,N:3,Q:3,R:1,S:2,T:22,V:36,W:19,Y:87
98	G	868	G	36.31	19	A:95,C:2,D:2,E:14,F:3,G:260,H:5,I:3,K:5,L:252,M:8,N:6,P:16,Q:1,R:2,S:18,T:15,V:8,Y:1
99	P	869	P	26.6	14	A:22,D:27,E:73,G:34,H:20,K:53,L:23,M:3,N:53,P:191,Q:14,R:92,S:41,T:72
100	R	870	R	37.73	18	A:18,D:8,E:78,F:10,G:18,H:158,I:2,K:25,L:18,M:6,N:23,P:6,Q:45,R:272,S:15,T:12,W:2,Y:5
101	L	880	L	51.78	10	A:6,F:47,I:97,L:379,M:10,S:1,T:4,V:90,W:92,Y:6
102	A	881	A	89.34	14	A:654,D:3,G:6,H:2,I:2,K:4,L:1,N:4,Q:6,R:1,S:15,T:24,V:4,W:6
103	S	882	S	77.49	15	A:27,C:10,D:2,E:14,F:5,G:12,I:20,K:2,L:4,P:4,Q:2,R:2,S:568,T:19,V:42
104	H	883	H	36.43	16	A:15,D:3,E:17,F:10,G:2,H:267,K:6,L:2,M:1,N:8,Q:234,R:14,S:1,T:4,W:124,Y:25
105	G	893	G	98.63	5	A:2,G:719,N:1,P:4,T:3
106	F	900	F	73.67	8	C:1,F:540,I:13,L:5,M:5,T:9,V:5,Y:155
107	V	904	V	62.74	13	A:50,E:1,F:3,G:1,I:105,L:66,M:3,N:3,P:1,S:1,T:2,V:399,Y:1
108	V	905	V	89.31	10	A:11,C:1,G:1,I:29,L:2,M:2,R:1,S:1,T:20,V:568
109	I	906	I	34.28	10	A:81,F:118,I:217,L:23,M:53,P:2,S:12,T:2,V:123,Y:2
110	T	907	A	42.08	20	A:308,C:3,D:8,E:3,F:1,G:74,H:1,I:12,K:5,L:9,M:16,N:29,P:25,Q:6,R:2,S:14,T:175,V:34,W:4,Y:3
111	I	908	I	31.41	14	A:172,D:1,F:16,G:6,H:2,I:229,L:49,M:17,N:73,P:69,S:50,T:27,V:15,Y:3
112	D	909	D	28.22	17	A:23,D:206,E:115,F:5,G:115,H:5,I:1,K:10,L:4,N:78,Q:11,R:11,S:41,T:87,V:2,W:1,Y:15
113	T	939	T	46.27	19	A:35,C:2,D:57,E:12,F:4,G:37,H:18,I:3,K:6,L:9,M:3,N:20,P:38,Q:5,R:50,S:74,T:329,V:5,Y:4
114	N	940	N	23.4	19	A:12,C:2,D:25,E:11,F:18,G:73,H:3,I:35,K:24,L:41,M:16,N:168,P:98,Q:34,R:18,S:31,T:89,V:14,Y:6
115	S	941	T	47.79	16	A:5,C:1,D:6,E:5,G:32,H:3,I:4,K:2,L:1,N:23,P:6,Q:1,R:18,S:81,T:173,V:1
116	T	942	R	32.7	18	A:3,D:4,E:2,F:5,G:10,H:3,I:32,K:2,L:57,M:2,N:2,P:16,Q:1,R:104,S:6,T:50,V:16,Y:3
117	L	970	Y	28.21	18	A:14,D:11,E:1,F:33,G:24,H:1,I:4,K:3,L:87,M:2,N:7,Q:1,R:1,S:32,T:17,V:16,W:3,Y:101
118	D	971	D	75.47	13	A:9,D:283,E:11,F:1,G:12,I:6,K:2,L:30,N:5,R:1,S:7,T:1,V:7
119	Q	972	Q	56.5	20	A:12,C:1,D:7,E:12,F:51,G:10,H:2,I:1,K:1,L:12,M:1,N:1,P:4,Q:213,R:5,S:17,T:8,V:13,W:1,Y:5
120	P	973	P	90.36	12	A:5,D:2,E:1,F:5,G:9,K:2,L:2,M:2,N:2,P:356,S:1,V:7
121	S	992	A	18.26	19	A:128,D:125,E:31,F:7,G:15,H:1,I:16,K:7,L:16,M:7,N:38,P:21,Q:21,R:31,S:102,T:109,V:5,W:2,Y:19
122	S	993	S	35.18	20	A:49,C:2,D:6,E:14,F:3,G:123,H:1,I:8,K:3,L:14,M:4,N:51,P:50,Q:17,R:4,S:235,T:72,V:4,W:2,Y:6
123	R	994	R	43.29	19	A:8,C:3,D:67,E:15,F:8,G:27,H:17,I:1,K:6,L:24,N:13,P:6,Q:13,R:287,S:61,T:79,V:6,W:11,Y:11
124	S	995	G	59.91	17	A:135,D:3,E:2,F:1,G:417,I:5,K:2,L:4,N:5,P:47,Q:11,R:7,S:37,T:7,V:9,W:2,Y:2
125	S	996	R	23.07	19	A:69,C:3,D:88,E:62,F:1,G:50,H:11,I:19,K:28,L:8,M:1,N:16,P:4,Q:32,R:161,S:70,T:50,V:17,Y:8
126	Q	997	Q	42.76	16	A:29,D:89,E:107,F:2,G:8,K:6,L:7,M:52,N:4,P:12,Q:304,R:8,S:49,T:16,V:15,Y:3
127	Q	998	L	53.34	14	A:15,D:1,E:4,F:4,G:2,H:7,I:87,L:335,M:130,P:10,Q:15,T:3,V:14,Y:1
128	M	999	L	38.81	20	A:40,C:1,D:23,E:34,F:5,G:22,H:2,I:46,K:17,L:274,M:6,N:48,P:25,Q:12,R:49,S:23,T:62,V:13,W:3,Y:1
129	A	1000	A	56.8	18	A:405,D:80,E:65,F:1,G:25,I:4,K:15,L:13,M:3,N:10,P:3,Q:16,R:12,S:31,T:14,V:3,W:11,Y:2
130	A	1001	A	64.02	12	A:468,C:11,D:4,G:175,H:2,I:6,L:2,Q:8,R:1,S:34,T:9,V:11
131	L	1002	L	47.61	16	A:122,D:1,F:7,G:20,H:2,I:142,K:2,L:348,M:4,N:1,Q:2,R:1,S:14,T:7,V:57,Y:1
132	R	1003	D	56.5	18	A:46,D:413,E:19,F:1,G:4,H:13,I:4,K:14,L:3,M:4,N:25,P:7,Q:41,R:48,S:20,T:61,V:7,Y:1
133	Q	1004	Y	39.95	19	A:40,C:1,D:8,E:30,F:24,G:2,H:48,I:3,K:15,L:32,M:4,N:3,Q:8,R:12,S:14,T:23,V:11,W:161,Y:292
134	V	1005	L	56.91	10	A:143,C:5,F:3,I:17,L:416,M:113,R:1,T:3,V:28,Y:2
135	A	1006	T	25.79	18	A:102,D:6,E:35,F:1,G:9,H:2,I:106,K:27,L:33,M:2,N:2,P:1,Q:19,R:10,S:7,T:188,V:178,Y:1
136	S	1007	A	21.85	16	A:156,D:61,E:97,G:63,H:4,K:45,L:11,M:1,N:17,Q:101,R:50,S:39,T:57,V:9,W:2,Y:1
137	L	1008	E	29.36	18	A:32,D:15,E:143,F:6,G:6,H:5,I:9,K:2,L:75,M:9,N:1,P:1,Q:91,R:60,S:8,T:10,V:9,W:5
138	N	1009	N	51.61	18	A:31,D:52,E:4,F:18,G:8,H:2,I:21,K:3,L:22,M:6,N:241,Q:2,R:2,S:22,T:7,V:22,W:1,Y:3
139	G	1015	A	22.8	13	A:109,D:32,E:14,G:51,H:3,I:3,K:35,L:4,N:37,Q:18,R:17,S:68,T:87
140	T	1016	D	27.85	15	A:21,C:1,D:198,E:26,G:8,H:1,K:47,L:13,M:3,N:34,Q:55,R:193,S:60,T:48,V:3
141	S	1019	S	80.14	15	A:32,D:12,E:1,G:21,H:3,K:15,L:1,M:1,N:11,Q:11,R:3,S:573,T:28,V:2,Y:1
142	S	1020	P	23.15	15	A:51,D:40,E:28,G:6,I:15,K:65,L:5,M:2,N:4,P:166,Q:28,R:56,S:140,T:35,V:76
143	S	1021	C	59.41	11	A:23,C:101,D:1,G:1,I:1,L:9,N:2,R:1,S:17,T:13,Y:1
144	P	1022	P	60.59	11	A:17,C:1,D:3,E:2,F:1,G:1,L:3,P:103,Q:2,R:1,T:36
145	I	1023	V	36.8	13	A:16,D:2,E:1,F:165,G:3,I:34,L:79,M:5,N:1,T:1,V:230,W:2,Y:86
146	Y	1024	R	37.22	16	A:65,D:13,E:8,F:21,G:11,H:80,K:35,L:7,N:19,P:1,Q:18,R:233,S:25,T:6,V:4,Y:80
147	G	1025	G	38.12	17	A:28,D:117,E:1,G:239,H:9,I:1,K:13,L:1,M:1,N:47,P:3,Q:25,R:26,S:87,T:26,V:2,Y:1
148	K	1026	R	56.64	16	A:6,E:3,F:1,G:1,H:36,I:18,K:147,L:10,M:11,N:9,Q:12,R:354,S:5,T:8,V:2,Y:2
149	V	1027	I	42.95	6	A:8,F:1,I:271,L:152,M:2,V:197
150	D	1028	D	89.38	12	A:10,D:564,E:6,G:5,K:2,L:2,N:20,P:1,R:14,S:1,T:2,V:4
151	T	1029	T	26.58	19	A:97,D:31,E:14,F:9,G:39,H:5,I:4,K:10,L:79,M:2,N:28,P:96,Q:6,R:18,S:51,T:193,V:39,W:1,Y:4
152	A	1030	T	25.58	13	A:72,D:104,E:28,F:3,G:69,H:4,K:12,N:49,Q:5,R:12,S:182,T:186,V:1
153	R	1032	R	55.99	15	A:24,D:1,E:3,G:6,H:37,I:7,K:125,M:2,N:35,P:7,Q:32,R:411,S:23,T:16,V:5
154	M	1033	L	39.92	11	A:6,F:10,I:186,L:293,M:22,P:2,Q:4,R:14,T:21,V:173,Y:3
155	G	1035	A	43.46	13	A:319,C:1,F:2,G:275,H:2,I:26,L:12,M:2,N:4,S:6,T:4,V:80,Y:1
156	V	1036	V	50.27	11	A:190,C:2,F:9,G:3,I:31,L:89,M:16,S:15,T:9,V:369,W:1
157	M	1037	M	33.2	9	A:147,F:7,G:47,I:31,L:29,M:243,S:125,T:35,V:68
158	G	1038	G	99.46	3	A:1,G:730,S:3
159	W	1043	H	69.07	10	C:2,F:21,H:507,M:13,N:1,Q:56,T:1,V:2,W:35,Y:96
160	S	1044	S	98.77	5	A:3,C:1,D:1,G:4,S:725
161	M	1045	M	43.19	15	A:12,C:102,D:1,E:1,F:26,G:6,K:2,L:6,M:317,Q:247,R:4,S:1,V:1,W:6,Y:2
162	G	1046	G	99.73	3	A:1,G:731,P:1
163	G	1047	G	76.57	6	A:152,C:2,D:1,G:562,S:6,T:11
164	G	1071	G	54.05	17	A:62,D:7,E:1,F:3,G:394,H:69,I:30,L:71,M:3,N:1,P:13,Q:8,R:9,S:11,T:26,V:20,Y:1
165	G	1072	G	55.6	17	A:105,C:2,D:6,E:77,G:407,H:1,I:8,K:8,L:9,N:38,P:2,Q:27,R:14,S:10,T:13,V:2,Y:3
166	S	1073	A	37.6	12	A:276,C:4,E:4,G:13,H:2,I:2,L:3,Q:6,S:122,T:263,V:38,W:1
167	L	1074	L	53.54	13	A:34,E:1,F:12,I:115,L:393,M:11,Q:4,R:1,S:3,T:6,V:102,W:4,Y:48
168	I	1075	E	28.69	20	A:95,C:1,D:18,E:210,F:4,G:18,H:9,I:7,K:18,L:46,M:13,N:124,P:3,Q:17,R:58,S:33,T:12,V:30,W:2,Y:14
169	S	1093	A	63.05	16	A:459,D:7,E:3,G:10,H:1,I:23,K:11,L:35,M:7,N:12,P:1,Q:11,R:7,S:20,T:34,V:87
170	A	1095	A	63.61	13	A:395,D:1,E:3,F:1,G:80,H:1,I:4,L:17,M:14,N:5,S:65,T:17,V:18
171	A	1096	A	25.76	19	A:160,D:77,E:51,F:6,G:16,H:3,I:14,K:33,L:16,M:3,N:60,P:10,Q:23,R:23,S:48,T:50,V:18,W:7,Y:3
172	N	1128	D	28.94	17	A:25,C:1,D:123,E:29,F:2,G:8,H:5,K:26,L:2,M:2,N:14,P:16,Q:30,R:11,S:113,T:16,V:2
173	N	1129	R	37.6	17	A:34,D:196,E:8,G:42,H:7,I:1,K:3,L:17,M:6,N:49,P:2,Q:7,R:238,S:11,T:2,V:4,Y:6
174	P	1130	P	62.15	16	A:31,D:23,E:10,F:5,G:89,I:1,K:9,L:6,M:1,N:6,P:445,Q:2,R:14,S:46,T:26,Y:2
175	S	1131	S	39.0	13	A:46,D:37,E:54,G:28,K:5,L:2,N:6,P:16,Q:22,R:8,S:156,T:19,V:1
176	L	1144	L	37.07	12	F:3,G:3,H:1,I:202,L:271,M:1,P:2,S:1,T:9,V:232,W:2,Y:4
177	K	1145	K	27.77	18	A:51,D:83,E:5,F:1,G:18,H:1,I:9,K:203,L:5,M:1,N:8,P:2,Q:118,R:76,S:39,T:92,V:18,Y:1
178	A	1146	A	51.78	12	A:379,E:1,G:51,H:2,I:1,K:5,N:2,P:5,R:4,S:49,T:221,V:12
179	A	1147	A	43.99	14	A:322,C:2,D:12,F:4,G:16,I:48,L:10,M:1,N:2,R:1,S:12,T:105,V:196,Y:1
180	A	1148	V	47.39	11	A:71,F:4,G:18,I:209,L:42,M:7,P:4,Q:1,S:4,T:23,V:345
181	P	1149	P	53.14	18	A:52,C:1,D:1,E:3,F:10,G:25,H:2,I:37,K:2,L:79,M:1,N:18,P:389,R:2,S:18,T:58,V:33,Y:1
182	Q	1164	L	40.57	14	A:4,C:11,F:133,H:2,I:155,L:297,M:24,N:3,Q:7,S:1,T:2,V:25,W:45,Y:23
183	A	1165	A	33.61	14	A:246,D:18,E:47,F:1,G:101,H:7,L:2,M:8,N:93,P:1,Q:57,S:23,T:122,Y:6
184	P	1166	P	48.22	15	A:36,C:1,D:80,F:2,G:36,I:4,L:53,M:6,N:14,P:353,R:3,S:92,T:20,V:18,Y:14
185	W	1167	W	50.9	14	A:8,D:1,F:5,G:4,H:6,L:1,P:142,Q:2,R:2,S:3,T:35,V:8,W:255,Y:29
186	D	1168	N	24.74	19	A:61,D:49,E:4,F:16,G:8,H:102,I:7,K:19,L:21,M:3,N:118,P:1,Q:18,R:17,S:18,T:3,V:2,W:3,Y:7
187	S	1231	L	41.12	18	A:9,D:4,E:2,F:1,G:21,I:7,K:3,L:139,M:4,N:3,P:12,Q:4,R:2,S:26,T:88,V:8,W:3,Y:2
188	S	1232	D	24.66	17	A:2,D:90,E:9,F:4,G:29,H:2,I:9,K:25,L:4,N:37,P:4,Q:43,R:20,S:23,T:58,V:4,Y:2
189	T	1233	K	31.95	18	A:65,D:34,E:22,F:46,G:44,H:5,I:5,K:200,L:10,M:3,N:14,P:17,Q:30,R:28,S:35,T:37,V:13,Y:18
190	N	1234	S	20.03	19	A:91,D:60,E:15,F:5,G:23,H:10,I:2,K:25,L:8,M:2,N:81,P:23,Q:20,R:37,S:126,T:81,V:13,W:1,Y:6
191	F	1235	W	28.9	16	A:28,E:1,F:58,G:3,I:62,L:180,M:9,N:4,P:3,Q:4,R:5,S:9,T:5,V:113,W:200,Y:8
192	S	1236	S	28.57	17	A:76,D:25,E:17,F:2,G:74,I:1,K:26,L:3,N:12,P:76,Q:28,R:45,S:178,T:54,V:3,W:1,Y:2
193	S	1252	G	24.37	16	A:28,D:76,E:39,F:2,G:145,H:3,I:2,K:40,L:6,N:76,P:3,Q:21,R:59,S:52,T:35,V:8
194	V	1271	V	36.17	16	A:13,D:9,E:1,F:27,G:6,H:4,I:77,L:174,M:12,N:6,P:5,Q:1,S:5,T:11,V:208,Y:16
195	T	1273	R	23.44	15	A:49,D:29,E:26,G:18,H:116,K:46,L:2,N:17,P:12,Q:59,R:169,S:63,T:108,V:6,Y:1
196	V	1275	V	34.98	18	A:89,C:38,D:27,E:17,F:1,G:104,I:25,K:7,L:1,M:3,N:8,P:5,Q:9,R:2,S:34,T:103,V:255,Y:1
197	P	1276	P	78.9	10	A:12,D:4,F:2,K:57,N:7,P:576,Q:3,R:25,S:37,T:7
198	T	1277	T	47.75	14	A:58,F:8,I:65,K:2,L:14,M:36,N:2,Q:1,R:3,S:15,T:350,V:174,W:3,Y:2
199	L	1278	L	43.99	17	A:61,D:3,E:1,F:71,G:11,H:1,I:9,K:48,L:322,M:153,N:3,Q:27,R:3,S:5,V:12,W:1,Y:1
200	I	1279	I	34.15	17	A:4,D:5,E:6,F:118,G:1,H:2,I:250,K:1,L:87,M:5,N:5,Q:5,S:11,T:19,V:84,W:2,Y:127
201	F	1280	I	31.69	15	A:11,D:1,E:2,F:121,G:2,H:1,I:232,L:135,M:49,N:2,Q:8,S:2,T:4,V:144,Y:18
202	A	1281	G	33.61	16	A:124,C:101,D:10,G:246,H:9,I:18,K:2,L:22,N:50,P:1,Q:14,R:1,S:64,T:62,V:7,Y:1
203	C	1282	G	60.52	18	A:182,C:14,D:9,E:1,G:443,H:21,I:1,K:1,L:2,M:3,N:33,P:1,Q:3,R:2,S:12,T:1,V:2,W:1
204	E	1293	E	23.73	15	A:57,D:68,E:173,G:113,I:2,K:6,L:6,N:3,P:23,Q:112,R:1,S:91,T:58,V:6,Y:10
205	N	1307	N	27.02	20	A:71,C:1,D:36,E:20,F:5,G:80,H:5,I:1,K:29,L:30,M:3,N:197,P:84,Q:14,R:28,S:80,T:22,V:4,W:3,Y:16
206	D	1311	D	88.9	10	A:4,D:649,E:4,G:9,K:5,N:2,Q:1,R:1,S:40,T:15
207	S	1312	T	20.86	19	A:38,D:122,E:7,F:35,G:65,H:3,I:10,K:8,L:28,M:6,N:16,P:27,Q:4,R:12,S:129,T:151,V:35,W:26,Y:2
208	I	1313	I	46.52	18	A:4,D:3,E:2,F:5,G:2,I:334,K:1,L:76,M:5,N:1,P:4,Q:1,R:1,S:4,T:31,V:237,W:3,Y:4
209	A	1314	A	57.52	13	A:417,C:103,D:2,F:2,G:5,I:73,L:1,N:4,P:3,Q:1,S:7,T:11,V:96
210	P	1315	P	28.43	20	A:28,C:1,D:13,E:13,F:16,G:51,H:18,I:6,K:10,L:14,M:2,N:9,P:203,Q:20,R:6,S:165,T:28,V:5,W:21,Y:85
211	V	1316	V	29.93	18	A:47,D:14,E:28,F:2,G:74,H:7,I:6,K:9,L:4,M:1,N:22,P:201,Q:17,R:4,S:34,T:25,V:214,Y:6
212	N	1317	A	21.37	19	A:153,D:32,E:10,F:19,G:91,H:9,I:6,K:10,L:12,M:4,N:115,P:10,Q:17,R:39,S:133,T:42,V:2,W:3,Y:9
213	S	1319	S	34.19	19	A:95,C:2,D:11,E:12,F:4,G:44,H:3,I:5,K:4,L:28,M:3,N:6,Q:10,R:15,S:186,T:104,V:7,W:2,Y:3
214	S	1338	H	47.88	18	A:23,D:8,E:6,F:14,H:237,I:9,K:1,L:34,M:25,N:21,P:2,Q:9,R:3,S:41,T:26,V:7,W:16,Y:13
215	A	1339	S	32.67	16	A:122,E:7,F:1,G:16,H:1,I:6,K:1,L:23,M:7,N:14,P:5,Q:35,R:5,S:164,T:1,V:94
216	L	1340	E	24.1	19	A:9,D:7,E:121,F:1,G:3,H:7,I:77,K:42,L:17,M:5,N:2,P:4,Q:89,R:76,S:16,T:13,V:11,W:1,Y:1
217	P	1341	P	49.9	16	A:79,D:9,E:3,G:55,I:3,K:8,L:11,N:4,P:250,Q:3,R:23,S:28,T:12,V:3,W:8,Y:2
218	I	1342	F	52.48	18	A:10,C:2,D:4,E:1,F:265,H:1,I:31,K:1,L:23,M:17,P:2,Q:3,R:12,S:3,T:17,V:19,W:8,Y:86
219	Y	1372	Y	82.55	13	A:1,D:1,F:45,G:1,H:4,I:2,L:3,P:2,R:1,T:1,V:8,W:42,Y:525
220	D	1373	N	24.29	17	A:53,D:110,E:111,F:2,G:36,H:3,K:16,L:11,M:1,N:154,P:3,Q:26,R:34,S:25,T:47,V:1,Y:1
221	S	1374	S	34.44	18	A:92,D:24,E:10,F:1,G:24,H:3,I:3,K:17,L:40,M:1,N:39,P:1,Q:49,R:90,S:218,T:12,V:8,W:1
222	M	1375	L	40.28	15	A:74,C:5,D:1,E:2,F:2,H:2,I:134,K:23,L:255,M:18,N:3,R:1,S:21,T:39,V:53
223	S	1377	A	25.13	18	A:144,D:50,E:9,F:3,G:101,H:2,I:2,K:8,L:2,M:2,N:46,P:4,Q:10,R:13,S:128,T:39,V:6,Y:4
224	R	1393	S	25.24	17	A:114,D:31,E:2,F:1,G:93,H:55,I:1,K:5,L:10,M:1,N:22,P:24,Q:34,R:8,S:156,T:50,V:11
225	N	1394	V	19.87	18	A:92,D:4,E:4,G:9,H:1,I:37,K:3,L:123,M:6,N:4,P:70,Q:4,R:29,S:61,T:49,V:125,W:6,Y:2
226	A	1395	P	40.65	14	A:45,D:79,E:164,F:1,G:26,H:5,K:4,L:4,N:9,P:261,Q:6,R:9,S:17,T:12
227	K	1396	K	52.74	14	A:162,D:2,E:1,G:3,I:3,K:337,L:1,M:3,N:2,Q:2,R:68,S:16,T:7,V:32
228	Q	1397	A	52.25	19	A:313,C:1,D:2,E:1,F:82,G:18,H:1,I:29,K:2,L:15,M:3,N:3,Q:33,R:1,S:5,T:6,V:56,W:17,Y:11
229	F	1398	Y	52.4	17	A:2,E:4,F:57,G:5,H:1,I:21,K:14,L:73,M:44,N:1,Q:1,R:18,S:1,T:2,V:16,W:28,Y:317
230	L	1399	L	38.14	17	A:153,C:1,D:2,E:1,F:3,G:57,H:1,I:15,K:1,L:217,M:21,P:1,R:25,S:6,T:10,V:49,Y:6
231	E	1400	E	48.23	17	A:36,C:3,D:5,E:313,G:66,H:1,I:6,K:5,L:46,M:14,N:12,Q:13,R:13,S:19,T:72,V:24,Y:1
232	I	1401	L	55.92	18	A:12,D:12,E:2,F:14,G:1,H:25,I:67,K:1,L:354,M:6,N:53,P:1,Q:4,R:7,S:8,T:5,V:51,Y:10
233	N	1402	N	17.56	18	A:77,D:49,E:22,F:4,G:6,H:1,I:11,K:81,L:70,M:7,N:111,P:12,Q:4,R:108,S:11,T:29,V:28,Y:1
234	G	1431	G	51.23	18	A:29,D:82,E:3,F:8,G:375,H:3,I:2,K:5,L:14,M:1,N:121,P:14,Q:1,R:10,S:23,T:34,V:2,Y:5
235	G	1432	A	58.5	17	A:430,C:2,D:9,E:7,F:4,G:81,I:3,K:5,L:8,M:4,P:40,Q:7,R:2,S:18,T:16,V:94,Y:5
236	S	1433	G	36.46	14	A:39,D:68,E:9,F:24,G:268,L:2,N:57,P:11,Q:9,R:2,S:180,T:54,V:10,Y:2
237	H	1434	H	99.18	5	G:1,H:729,Q:3,T:1,Y:1
238	S	1438	F	46.66	18	A:8,C:23,E:1,F:293,G:13,H:1,I:11,L:101,M:29,N:80,P:1,Q:2,R:1,S:16,T:14,V:12,W:1,Y:21
239	C	1451	A	28.4	18	A:169,C:15,D:11,E:5,F:88,G:23,I:68,L:6,M:5,N:3,P:39,Q:6,R:6,S:44,T:53,V:45,W:2,Y:7
240	A	1464	P	68.44	14	A:11,D:5,F:44,G:1,I:5,K:3,L:4,N:2,P:206,S:2,T:1,V:8,W:2,Y:7
241	N	1465	N	49.33	15	A:4,E:4,G:15,H:1,I:11,K:2,L:5,M:6,N:147,Q:54,R:5,S:5,T:28,V:10,Y:1
242	S	1467	T	22.17	19	A:23,D:10,E:47,F:8,G:28,H:1,I:39,K:8,L:30,M:11,N:14,P:9,Q:105,R:9,S:69,T:135,V:56,W:2,Y:5
243	G	1468	P	21.38	18	A:40,D:64,E:23,F:1,G:123,H:1,K:2,L:16,M:1,N:34,P:130,Q:1,R:10,S:90,T:52,V:14,W:1,Y:5
244	N	1469	N	48.77	16	A:13,D:89,E:21,F:2,G:22,H:20,I:3,K:1,N:298,P:8,Q:24,R:1,S:44,T:58,V:5,Y:2
245	S	1470	G	51.58	14	A:25,C:3,G:180,I:6,L:7,M:1,N:3,P:70,Q:13,R:13,S:18,T:3,V:4,W:3
246	N	1496	Q	41.79	12	A:1,D:1,E:1,F:2,G:3,H:7,N:5,Q:28,R:2,S:11,T:2,Y:4
247	Q	1497	Q	26.09	11	A:2,D:5,E:6,H:6,I:8,K:3,L:11,N:2,Q:18,R:2,V:6
248	A	1498	T	45.86	17	A:34,D:35,E:24,F:4,G:5,H:4,I:3,K:16,M:1,N:10,P:24,Q:13,R:8,S:11,T:183,V:1,Y:23
249	L	1499	T	32.56	18	A:33,D:19,E:89,F:3,G:81,H:1,I:33,K:11,L:31,M:4,N:10,P:39,Q:8,R:20,S:3,T:197,V:19,Y:4
250	I	1500	I	28.81	14	A:28,E:2,F:142,G:18,H:2,I:176,L:43,M:51,Q:1,S:8,T:32,V:32,W:1,Y:75
251	G	1501	A	43.11	20	A:263,C:2,D:2,E:2,F:3,G:109,H:4,I:5,K:12,L:76,M:7,N:1,P:1,Q:1,R:67,S:16,T:8,V:15,W:13,Y:3
252	K	1502	K	37.58	15	A:40,D:2,E:12,G:148,I:1,K:230,L:1,M:8,N:2,P:5,Q:21,R:118,S:7,T:8,V:9
253	K	1504	Y	43.79	17	A:15,E:1,F:25,G:1,H:1,I:21,K:1,L:36,M:7,N:5,P:43,Q:5,S:28,T:17,V:133,W:14,Y:275
254	G	1505	S	21.97	15	A:87,C:1,E:10,F:5,G:75,H:1,I:18,K:4,L:62,M:65,N:1,P:20,S:138,T:86,V:55
255	V	1517	T	34.29	12	A:54,D:1,G:8,I:169,K:2,L:32,M:2,P:4,R:6,S:12,T:216,V:124
256	A	1518	A	49.93	16	A:363,D:42,E:9,F:2,G:11,H:11,K:5,L:18,M:3,N:19,P:8,Q:6,R:6,S:186,T:33,V:5
257	W	1519	W	80.44	6	C:2,F:37,L:1,M:1,W:584,Y:101
258	M	1543	L	59.37	14	A:5,D:1,E:1,F:97,H:1,I:5,L:374,M:105,N:3,P:2,Q:7,V:4,W:11,Y:14
259	K	1544	K	52.54	16	A:12,D:47,E:9,F:2,H:4,K:331,L:36,M:40,N:2,P:1,Q:16,R:115,S:2,T:2,V:6,Y:5
260	R	1545	R	38.57	17	A:37,C:3,D:9,F:49,G:7,H:13,I:6,K:2,L:32,M:1,P:1,Q:1,R:243,T:5,V:6,W:96,Y:119
261	F	1546	F	33.91	17	A:9,E:3,F:214,G:1,H:48,I:2,K:6,L:10,M:3,N:4,Q:109,R:58,S:7,T:34,V:17,W:30,Y:76
262	M	1547	L	56.01	13	A:6,D:1,E:1,F:2,G:1,I:76,L:354,M:10,N:3,Q:1,S:1,T:2,V:174
263	D	1548	D	43.3	18	A:21,D:281,E:7,F:8,G:26,H:10,K:91,L:15,M:41,N:27,P:1,Q:42,R:42,S:14,T:8,V:2,W:6,Y:7
264	N	1549	G	41.3	14	A:27,D:185,E:43,F:1,G:273,H:1,K:3,L:3,N:96,P:4,Q:5,R:5,S:12,V:3
265	D	1550	D	84.71	17	A:5,C:5,D:615,E:13,F:1,G:2,H:3,K:4,L:2,N:23,P:1,Q:9,R:9,S:19,T:7,V:3,W:5
266	T	1551	T	36.18	17	A:126,D:13,E:54,F:1,G:20,H:3,I:9,K:18,L:23,M:7,N:6,P:48,Q:49,R:33,S:26,T:263,V:28
267	R	1552	R	40.77	19	A:94,D:21,E:41,F:2,G:25,H:3,I:6,K:14,L:11,M:6,N:11,P:10,Q:52,R:296,S:33,T:68,V:11,W:1,Y:21
268	Y	1555	A	44.78	19	A:326,C:2,D:9,E:16,F:5,G:8,H:6,K:10,L:4,M:2,N:3,P:7,Q:20,R:4,S:18,T:15,V:2,W:4,Y:267
269	S	1556	R	22.53	17	A:127,C:5,D:96,E:112,G:66,H:14,K:32,L:5,M:2,N:7,P:3,Q:9,R:164,S:36,T:28,V:2,Y:20
270	T	1571	Q	33.05	15	A:130,D:29,E:21,G:81,H:2,K:33,L:3,M:6,N:11,P:29,Q:233,R:59,S:37,T:27,Y:4
271	F	1572	F	50.14	18	A:91,D:2,E:33,F:354,G:1,H:1,I:5,K:1,L:37,M:20,P:2,Q:17,R:30,S:2,T:8,V:33,W:25,Y:44
272	A	1573	L	45.53	8	A:18,F:274,I:40,L:321,M:4,R:1,V:43,Y:4
273	C	1574	C	37.89	20	A:71,C:266,D:8,E:14,F:36,G:3,H:6,I:15,K:23,L:26,M:2,N:5,P:1,Q:12,R:12,S:18,T:48,V:96,W:4,Y:36
274	E	1641	P	60.18	14	A:69,D:20,E:13,G:52,H:1,K:6,L:6,N:11,P:393,Q:9,R:4,S:48,T:18,V:3
275	N	1648	A	37.01	15	A:124,D:1,E:10,F:1,G:49,I:8,K:6,L:9,N:7,P:75,Q:2,R:7,S:12,T:14,V:10
276	P	1649	P	81.66	18	A:6,D:4,E:11,F:5,G:1,H:1,I:1,K:5,L:4,M:4,N:6,P:276,Q:2,R:3,S:5,T:2,V:1,Y:1
277	N	1650	S	17.05	19	A:37,C:2,D:26,E:12,F:1,G:22,H:14,I:1,K:3,L:1,M:2,N:13,P:13,Q:11,R:34,S:45,T:19,V:2,Y:6
278	S	1719	P	16.44	17	A:32,D:33,E:8,F:31,G:39,H:2,I:6,K:2,L:6,N:11,P:49,Q:4,R:13,S:25,T:35,V:1,Y:1
279	T	1720	S	17.65	18	A:71,D:27,E:28,F:8,G:69,H:11,I:6,K:4,L:58,N:16,P:28,Q:7,R:25,S:96,T:80,V:8,W:1,Y:1
280	R	1738	D	18.15	18	A:70,C:3,D:118,E:45,F:6,G:78,I:2,K:13,L:10,M:1,N:21,P:7,Q:58,R:16,S:92,T:98,V:9,Y:3
281	V	1739	I	46.63	16	A:11,D:4,E:4,F:34,H:2,I:166,K:1,L:46,M:10,Q:3,R:4,S:7,T:7,V:48,W:2,Y:7
282	S	1740	S	23.6	18	A:48,D:34,E:75,F:9,G:20,H:6,I:17,K:12,L:12,M:2,N:61,P:4,Q:24,R:8,S:147,T:31,V:106,Y:7
283	D	1741	E	32.03	19	A:36,D:89,E:196,F:14,G:8,H:2,I:2,K:12,L:7,M:9,N:5,P:5,Q:92,R:33,S:19,T:23,V:48,W:11,Y:1
284	F	1742	Y	39.97	19	A:81,C:1,D:8,E:23,F:22,G:3,H:9,I:9,K:23,L:13,M:2,N:1,Q:38,R:52,S:44,T:15,V:22,W:2,Y:245
285	R	1743	R	53.43	19	A:8,D:4,E:22,F:2,G:14,H:4,I:3,K:99,L:34,M:2,N:1,P:3,Q:39,R:327,S:28,T:14,V:5,W:1,Y:2
286	T	1744	N	28.82	18	A:27,D:124,E:15,F:9,G:87,H:21,I:2,K:54,L:6,M:3,N:185,P:2,Q:3,R:8,S:61,T:24,V:4,Y:7
287	A	1745	T	32.76	18	A:60,D:28,E:6,F:17,G:8,I:21,K:10,L:87,M:8,N:57,P:19,Q:6,R:11,S:73,T:208,V:9,W:6,Y:1
288	N	1746	L	20.94	18	A:15,D:12,E:9,F:2,G:29,H:5,I:1,K:35,L:71,N:21,P:55,Q:2,R:20,S:30,T:27,V:2,W:2,Y:1
289	C	1763	C	62.3	15	A:17,C:266,D:1,F:25,G:6,I:26,L:39,N:1,P:1,R:1,S:4,T:3,V:25,W:8,Y:4
290	S	1764	P	73.51	15	A:10,D:7,E:9,F:2,G:9,K:3,L:17,N:1,P:297,Q:7,R:7,S:22,T:9,V:3,Y:1
