IsPETase_position	IsPETase_residue	Clade_consensus	Clade_conservation_percent	Clade_unique_aminoacids	Clade_counts	Global_consensus	Global_conservation_percent	Global_unique_aminoacids	Global_counts
1	M	M	100.0	1	M:7	G	17.14	11	A:4,E:1,G:6,H:3,L:4,M:4,P:1,Q:2,R:5,S:3,T:2
2	N	S	42.86	5	E:1,F:1,K:1,N:1,S:3	F	14.37	16	A:10,E:4,F:24,G:5,I:7,K:5,L:22,M:23,N:1,P:13,Q:3,R:20,S:4,T:5,V:2,W:19
3	F	I	33.33	5	F:1,I:2,L:1,S:1,T:1	L	19.89	19	A:21,D:3,E:2,F:9,G:28,H:2,I:15,K:2,L:75,M:52,N:4,P:17,Q:2,R:67,S:20,T:43,V:11,W:2,Y:2
4	P	P	80.0	2	K:1,P:4	R	29.16	19	A:82,C:2,D:1,F:7,G:15,H:9,I:20,K:40,L:21,M:14,N:7,P:13,Q:2,R:135,S:56,T:25,V:10,W:2,Y:2
5	R	R	75.0	2	Q:1,R:3	R	64.14	19	A:9,C:1,D:1,E:2,F:1,G:5,H:7,I:4,K:39,L:29,M:7,N:4,P:12,Q:4,R:304,S:8,T:14,V:14,W:9
6	A	L	40.0	4	A:1,F:1,I:1,L:2	A	21.33	19	A:80,C:2,D:1,F:8,G:18,H:2,I:13,K:7,L:59,M:6,N:1,P:9,Q:18,R:23,S:21,T:67,V:27,W:9,Y:4
7	S	S	60.0	3	A:1,S:3,V:1	L	23.0	14	A:41,C:12,F:18,G:6,I:10,K:3,L:49,M:4,P:1,R:14,S:12,T:15,V:24,W:4
8	R	R	60.0	3	F:1,R:3,T:1	R	39.52	13	A:17,F:1,G:4,H:6,I:1,K:7,L:10,N:3,Q:7,R:49,S:8,T:9,V:2
9	L	L	66.67	3	F:1,L:4,S:1	R	17.02	16	A:13,F:10,G:2,I:7,K:2,L:12,M:1,N:1,P:2,Q:1,R:16,S:3,T:12,V:8,W:3,Y:1
10	M	A	28.57	5	A:2,M:1,R:1,T:1,V:2	A	39.16	11	A:56,F:4,G:3,I:6,K:2,L:32,M:12,R:4,S:1,T:7,V:16
11	Q	A	57.14	3	A:4,Q:1,R:2	A	39.02	10	A:48,G:17,K:3,L:6,M:6,Q:1,R:3,S:3,T:34,V:2
12	A	A	57.14	4	A:4,F:1,G:1,M:1	R	29.07	10	A:7,H:1,I:1,K:19,L:8,P:2,R:25,S:5,T:17,V:1
13	A	R	28.57	6	A:1,G:1,L:1,M:1,R:2,S:1	L	52.38	8	A:8,I:6,K:1,L:44,R:6,S:7,T:6,V:6
14	V	L	57.14	3	L:4,T:2,V:1	A	24.19	16	A:67,C:1,F:4,G:23,I:4,K:37,L:33,M:6,P:6,Q:3,R:20,S:16,T:33,V:19,W:3,Y:2
15	L	A	57.14	3	A:4,L:1,S:2	L	42.03	14	A:70,C:4,F:10,G:2,I:43,L:211,M:39,N:1,P:3,Q:1,R:16,S:5,T:32,V:65
16	G	V	42.86	5	G:1,L:1,S:1,T:1,V:3	A	33.72	18	A:175,C:9,F:9,G:32,H:3,I:13,K:15,L:69,M:9,N:1,P:7,Q:4,R:43,S:29,T:47,V:50,W:3,Y:1
17	G	G	42.86	3	A:3,G:3,S:1	G	30.43	7	A:6,G:7,I:1,Q:1,R:2,S:2,T:4
18	L	A	57.14	3	A:4,L:2,V:1	A	42.76	14	A:242,C:3,E:1,F:10,G:29,I:28,K:1,L:88,M:8,R:2,S:14,T:56,V:82,Y:2
19	M	L	28.57	5	F:1,L:2,M:1,T:2,W:1	A	36.72	12	A:217,C:4,F:10,G:22,I:27,L:139,M:10,P:11,S:21,T:45,V:84,Y:1
20	A	A	42.86	5	A:3,F:1,L:1,S:1,V:1	A	42.86	13	A:255,C:6,F:5,G:73,I:15,L:73,M:5,P:12,R:1,S:31,T:41,V:77,W:1
21	V	V	42.86	4	I:1,L:2,M:1,V:3	L	51.03	12	A:80,F:15,G:5,H:1,I:40,L:296,M:21,R:1,S:3,T:18,V:99,Y:1
22	S	A	50.0	3	A:3,S:2,T:1	A	33.43	15	A:120,C:3,F:10,G:39,H:1,I:17,L:68,N:2,P:4,Q:1,R:1,S:19,T:32,V:41,W:1
23	A	A	83.33	2	A:5,P:1	A	42.3	12	A:217,C:9,F:4,G:73,H:2,I:7,L:57,M:11,P:2,S:39,T:50,V:42
24	A	A	33.33	3	A:2,S:2,T:2	A	29.71	14	A:93,C:2,F:18,G:48,I:5,L:76,M:1,P:4,Q:2,S:13,T:18,V:31,W:1,Y:1
25	A	A	80.0	2	A:4,P:1	G	33.15	13	A:177,C:3,F:8,G:178,I:5,K:2,L:23,M:4,N:1,P:6,S:46,T:58,V:26
26	T	V	60.0	2	T:2,V:3	G	33.74	14	A:64,E:1,F:5,G:83,I:2,L:13,M:4,P:5,Q:3,S:12,T:20,V:30,W:3,Y:1
27	A	A	80.0	2	A:4,P:1	A	81.55	14	A:442,C:6,D:3,E:1,F:1,G:12,K:2,L:3,P:14,Q:4,S:15,T:26,V:12,W:1
28	Q	E	33.33	4	A:3,E:3,Q:2,T:1	A	38.09	16	A:203,D:79,E:54,G:8,H:15,I:1,K:2,L:4,N:15,P:8,Q:61,R:1,S:28,T:32,V:19,Y:3
29	T	F	33.33	5	A:2,F:3,H:1,P:1,T:2	A	47.46	15	A:84,D:6,E:11,F:3,G:10,H:1,K:5,L:1,M:1,N:7,P:7,Q:3,S:9,T:21,V:8
30	N	N	90.0	2	A:1,N:9	N	33.26	14	A:56,D:11,E:6,G:62,H:1,I:1,K:1,N:142,P:43,Q:5,R:3,S:62,T:29,V:5
31	P	P	90.0	2	P:9,Q:1	P	71.97	16	A:25,C:1,D:11,E:7,G:13,H:1,I:1,K:1,L:2,N:1,P:285,Q:2,R:2,S:25,T:10,V:9
32	Y	Y	100.0	1	Y:10	Y	59.48	15	A:25,D:3,E:6,F:25,G:6,H:18,I:2,K:10,N:10,P:5,Q:1,S:19,T:15,V:11,Y:229
33	A	Q	50.0	4	A:2,E:2,I:1,Q:5	E	44.0	15	A:81,D:17,E:176,G:10,H:1,I:2,L:1,N:1,P:3,Q:53,R:16,S:12,T:8,V:17,Y:2
34	R	R	60.0	2	K:4,R:6	R	82.23	15	A:4,D:1,E:3,G:3,H:11,I:6,K:9,L:3,N:1,P:2,Q:2,R:236,S:3,T:2,V:1
35	G	G	100.0	1	G:10	G	82.52	14	A:7,D:6,E:1,G:269,K:4,M:2,N:4,P:15,Q:2,R:4,S:3,T:6,V:1,Y:2
36	P	P	100.0	1	P:10	P	87.74	12	A:19,C:1,D:5,E:3,G:7,H:1,K:1,P:372,R:1,S:4,T:3,V:7
37	N	D	60.0	2	D:6,N:4	A	33.78	16	A:126,D:108,E:12,F:3,G:13,I:5,K:1,L:5,N:47,P:5,Q:4,R:1,S:16,T:21,V:4,Y:2
38	P	P	100.0	1	P:10	P	69.74	16	A:28,D:1,E:4,F:2,G:3,I:5,K:4,L:2,N:3,P:325,Q:3,R:17,S:16,T:41,V:10,Y:2
39	T	T	100.0	1	T:10	T	52.8	14	A:32,D:1,E:4,G:8,I:62,K:1,L:14,M:1,P:17,Q:2,R:2,S:27,T:264,V:65
40	A	A	40.0	5	A:4,E:1,N:2,S:1,V:2	E	42.57	18	A:38,D:47,E:215,F:2,G:22,H:1,I:1,K:8,L:10,M:1,N:42,P:10,Q:15,R:10,S:22,T:20,V:39,W:2
41	A	S	70.0	3	A:2,R:1,S:7	A	34.1	16	A:179,D:27,E:27,G:26,H:1,I:1,K:8,L:5,N:1,P:8,Q:41,R:32,S:97,T:52,V:16,Y:4
42	S	S	50.0	3	A:4,F:1,S:5	S	33.52	19	A:50,D:51,E:6,F:8,G:13,H:24,I:30,K:11,L:48,M:8,N:19,P:17,Q:16,R:17,S:182,T:28,V:13,W:1,Y:1
43	L	L	80.0	2	I:2,L:8	I	19.24	15	A:14,D:3,E:1,F:30,G:59,I:111,L:110,P:16,Q:4,R:1,S:13,T:4,V:72,W:48,Y:91
44	E	E	90.0	2	E:9,N:1	E	28.26	19	A:58,C:1,D:20,E:167,F:5,G:102,H:1,I:1,K:30,L:5,M:5,N:8,P:3,Q:5,R:22,S:70,T:72,V:5,Y:11
45	A	A	70.0	2	A:7,R:3	A	56.95	16	A:340,D:10,E:24,G:9,H:1,I:4,K:10,L:4,N:8,P:14,Q:16,R:18,S:50,T:58,V:28,W:3
46	S	T	28.57	4	D:2,L:2,S:1,T:2	P	29.19	16	A:66,D:16,E:31,F:1,G:5,H:2,I:3,K:9,L:31,N:9,P:141,Q:6,R:23,S:81,T:34,V:25
47	A	R	30.0	5	A:1,D:1,N:3,R:3,S:2	R	61.7	14	A:5,D:4,E:10,F:1,G:2,K:23,L:11,N:1,P:2,Q:2,R:174,S:21,T:24,Y:2
48	G	G	100.0	1	G:10	G	90.92	15	A:11,C:1,D:3,E:3,G:561,I:1,K:1,L:1,N:1,P:1,Q:5,R:4,S:6,T:12,V:6
49	P	P	100.0	1	P:10	P	74.88	17	A:21,D:6,E:3,F:9,G:3,H:13,I:9,K:2,L:1,N:1,P:456,Q:6,R:6,S:41,T:16,V:9,Y:7
50	F	F	70.0	2	F:7,Y:3	F	44.43	17	A:8,D:4,E:2,F:271,H:48,I:2,K:1,L:22,M:2,N:1,Q:1,R:1,S:4,T:1,V:3,W:58,Y:181
51	T	S	40.0	4	A:3,R:1,S:4,T:2	A	36.99	14	A:226,D:60,E:29,G:12,I:1,K:10,L:3,N:4,P:93,Q:25,R:25,S:87,T:34,V:2
52	V	V	50.0	3	I:4,T:1,V:5	V	40.69	14	A:78,D:1,E:4,F:11,I:50,L:5,M:2,P:1,Q:2,R:1,S:6,T:190,V:249,Y:12
53	R	R	50.0	4	A:2,D:1,R:5,S:2	A	23.68	16	A:135,C:6,D:65,E:38,G:46,H:1,I:8,K:3,L:6,M:2,N:3,Q:5,R:17,S:123,T:74,V:38
54	S	S	50.0	3	E:2,S:5,T:3	Q	16.93	19	A:14,D:19,E:64,F:2,G:2,H:1,I:12,K:29,L:4,M:15,N:5,P:2,Q:96,R:36,S:60,T:75,V:54,W:1,Y:76
55	F	T	40.0	5	D:1,E:1,F:2,S:2,T:4	T	24.2	18	A:29,D:30,E:119,F:9,G:13,H:10,I:28,K:18,L:11,M:3,N:5,P:3,Q:31,R:25,S:21,T:137,V:59,Y:15
56	T	S	50.0	4	N:2,R:1,S:5,T:2	S	22.56	18	A:39,D:64,E:15,F:2,G:13,H:3,I:16,K:18,L:5,N:32,P:20,Q:7,R:41,S:127,T:122,V:29,W:1,Y:9
57	V	V	100.0	1	V:10	V	47.55	17	A:55,D:25,E:28,F:7,G:46,H:1,I:10,L:20,M:5,N:9,P:3,Q:3,R:9,S:15,T:51,V:262,Y:2
58	S	S	100.0	1	S:10	S	60.91	15	A:2,D:32,E:1,F:1,G:7,K:1,L:1,N:4,P:56,Q:7,R:5,S:215,T:17,V:2,W:2
59	R	R	60.0	2	R:6,S:4	S	47.33	15	A:112,D:5,E:2,F:1,G:20,I:1,L:1,N:5,P:6,Q:2,R:38,S:186,T:11,V:2,Y:1
60	P	V	60.0	3	A:2,P:2,V:6	L	56.63	17	A:12,D:3,E:2,F:31,G:37,I:2,K:1,L:158,N:5,P:2,Q:2,R:1,S:7,T:4,V:4,W:7,Y:1
61	S	S	70.0	3	R:2,S:7,V:1	S	34.62	17	A:28,D:17,E:7,F:2,G:24,H:1,I:2,K:10,L:8,N:10,P:17,R:16,S:144,T:124,V:3,W:1,Y:2
62	G	G	100.0	1	G:10	G	87.26	11	A:21,D:7,E:2,G:363,K:3,L:9,N:1,R:2,S:5,T:1,V:2
63	Y	F	80.0	2	F:8,Y:2	F	82.02	12	A:2,D:1,E:1,F:260,G:7,I:9,K:1,P:16,R:2,T:2,V:3,Y:13
64	G	G	100.0	1	G:10	G	56.6	17	A:21,C:1,E:3,F:20,G:240,I:3,K:2,L:15,N:44,P:28,Q:2,R:8,S:11,T:9,V:10,W:1,Y:6
65	A	G	80.0	2	A:2,G:8	G	56.46	16	A:19,D:20,E:20,F:2,G:271,H:2,I:2,K:21,L:3,N:5,P:10,Q:6,R:11,S:53,T:9,V:26
66	G	G	100.0	1	G:10	G	43.18	15	A:64,C:17,D:1,F:10,G:269,H:128,I:2,L:2,N:14,Q:4,R:1,S:2,T:33,V:17,Y:59
67	T	T	70.0	2	R:3,T:7	T	64.37	18	A:10,D:44,E:12,F:1,H:1,I:5,K:22,L:1,M:3,N:8,P:2,Q:6,R:80,S:2,T:401,V:21,W:2,Y:2
68	V	I	50.0	3	I:5,L:3,V:2	I	50.88	11	A:5,D:1,E:2,F:20,G:1,I:317,L:94,M:5,T:6,V:171,Y:1
69	Y	Y	90.0	2	H:1,Y:9	Y	75.28	11	D:2,F:65,H:20,I:3,L:3,R:2,S:5,T:6,V:5,W:43,Y:469
70	Y	Y	100.0	1	Y:10	Y	68.26	12	A:23,C:6,F:6,H:21,I:1,L:7,Q:1,R:127,S:2,T:3,V:2,Y:428
71	P	P	100.0	1	P:10	P	99.04	4	A:1,G:3,P:622,R:2
72	T	T	80.0	2	T:8,V:2	T	37.0	17	A:152,C:9,D:17,E:16,G:10,H:1,I:3,K:24,L:6,M:1,N:24,Q:18,R:44,S:42,T:232,V:27,Y:1
73	N	N	60.0	2	G:2,N:3	D	48.43	14	A:21,D:294,E:17,G:32,H:2,K:6,L:1,N:55,P:3,Q:3,R:6,S:54,T:100,V:13
74	A	A	60.0	3	A:6,D:1,T:3	T	36.26	15	A:71,D:35,E:19,G:98,I:1,K:14,L:12,M:2,N:4,P:61,Q:5,R:20,S:33,T:215,V:3
75	G	S	40.0	4	E:2,G:2,N:2,S:4	S	36.01	14	A:156,D:25,E:23,G:40,K:6,L:3,M:1,N:19,P:14,Q:13,R:17,S:206,T:41,V:8
76	G	G	80.0	3	E:1,G:8,N:1	G	78.82	14	A:9,C:3,D:4,E:5,G:346,H:1,K:4,L:2,N:8,P:18,Q:3,R:14,S:9,T:13
77	T	T	80.0	2	K:2,T:8	T	45.98	15	A:19,D:7,E:7,G:4,H:2,I:1,K:57,L:10,P:33,Q:17,R:138,S:22,T:280,V:11,Y:1
78	V	Y	40.0	4	F:2,M:2,V:2,Y:4	F	40.55	15	A:10,C:1,E:2,F:249,H:138,I:1,L:116,M:11,N:3,Q:1,R:6,T:6,V:11,W:7,Y:52
79	G	G	80.0	2	A:2,G:8	P	53.14	9	A:14,G:266,H:1,L:2,N:2,P:330,Q:1,S:4,T:1
80	A	A	90.0	2	A:9,V:1	A	34.14	9	A:212,G:82,I:127,L:33,P:3,S:1,T:7,V:155,Y:1
81	I	I	70.0	3	I:7,L:1,V:2	V	48.96	9	A:11,C:2,F:2,I:251,L:32,M:5,T:15,V:307,Y:2
82	A	A	90.0	2	A:9,V:1	A	41.19	10	A:257,E:2,G:1,H:1,I:45,L:63,N:1,S:8,T:81,V:165
83	I	V	60.0	2	I:4,V:6	W	36.9	12	A:5,D:1,F:56,H:4,I:161,L:35,M:9,S:2,T:3,V:105,W:231,Y:14
84	V	S	60.0	3	I:2,S:6,V:2	G	41.72	13	A:112,C:4,E:2,F:2,G:262,H:1,I:23,L:15,M:13,N:4,S:150,T:23,V:17
85	P	P	100.0	1	P:10	P	46.34	10	A:1,D:12,G:17,H:43,N:243,P:291,Q:12,R:3,S:5,T:1
86	G	G	100.0	1	G:10	G	98.73	3	D:3,G:620,P:5
87	Y	Y	60.0	2	F:4,Y:6	Y	25.52	15	A:109,F:150,G:16,H:1,I:7,L:15,M:2,P:1,Q:1,R:2,S:36,T:123,V:1,W:3,Y:160
88	T	T	80.0	3	M:1,T:8,V:1	T	33.49	19	A:14,C:96,D:4,E:1,F:38,G:69,H:3,I:10,K:6,L:34,M:6,N:48,Q:9,R:7,S:11,T:210,V:31,W:23,Y:7
89	A	G	50.0	3	A:3,G:5,S:2	A	53.83	14	A:337,E:15,F:1,G:62,I:1,K:1,L:6,N:12,Q:29,R:60,S:71,T:8,V:21,Y:2
90	R	T	60.0	3	R:2,T:6,Y:2	T	19.9	19	A:75,C:1,D:40,E:4,F:9,G:28,H:11,I:5,K:5,L:9,N:34,P:56,Q:9,R:31,S:104,T:120,V:38,W:3,Y:21
91	Q	Q	60.0	3	E:1,Q:6,S:3	Q	19.24	17	A:4,C:1,D:57,E:71,F:2,G:4,H:2,K:40,L:1,N:6,P:1,Q:81,R:16,S:65,T:4,W:64,Y:2
92	S	S	100.0	1	S:10	S	28.87	18	A:43,C:3,D:4,E:16,F:7,G:73,H:1,I:26,K:6,L:8,N:25,P:173,Q:1,R:17,S:181,T:21,V:21,Y:1
93	S	S	70.0	2	S:7,T:3	S	35.89	19	A:41,D:44,E:14,F:4,G:43,H:3,I:1,K:10,L:41,M:4,N:14,P:3,Q:21,R:13,S:225,T:102,V:12,W:29,Y:3
94	I	I	70.0	2	I:7,M:3	M	19.01	19	A:12,D:6,E:42,F:7,G:8,H:9,I:86,K:20,L:78,M:119,N:30,P:2,Q:54,R:8,S:19,T:17,V:60,W:39,Y:10
95	K	S	30.0	6	A:1,K:1,N:1,R:1,S:3,T:3	A	26.43	18	A:166,D:72,E:81,F:1,G:16,H:5,I:21,K:3,L:12,M:1,N:11,P:36,Q:17,R:27,S:120,T:15,V:11,Y:13
96	W	W	60.0	2	F:4,W:6	W	44.59	18	A:19,D:19,E:13,F:7,G:75,H:4,I:1,K:7,L:8,N:60,P:11,Q:12,R:12,S:41,T:25,V:2,W:280,Y:32
97	W	W	70.0	2	L:3,W:7	L	54.33	14	A:7,F:68,G:2,H:5,I:40,L:339,M:15,N:1,Q:1,S:1,T:22,V:27,W:19,Y:77
98	G	G	100.0	1	G:10	G	40.45	13	A:85,E:9,F:2,G:254,H:2,I:4,L:245,M:8,R:1,S:5,T:6,V:6,Y:1
99	P	P	40.0	4	E:4,P:4,R:1,S:1	P	29.76	14	A:14,D:13,E:63,G:14,H:19,K:47,L:22,M:3,N:39,P:186,Q:14,R:92,S:34,T:65
100	R	R	100.0	1	R:10	R	41.6	18	A:12,D:2,E:75,F:9,G:13,H:157,I:2,K:13,L:18,M:4,N:2,P:6,Q:34,R:260,S:1,T:9,W:2,Y:6
101	L	L	90.0	2	I:1,L:9	L	56.32	10	A:1,F:46,I:88,L:352,M:10,N:1,P:1,V:37,W:84,Y:5
102	A	A	100.0	1	A:10	A	95.22	8	A:598,D:1,H:2,Q:10,R:1,S:9,T:5,V:2
103	S	S	90.0	2	S:9,T:1	S	88.38	13	A:23,D:2,E:13,F:3,G:12,K:2,L:3,P:4,Q:2,R:2,S:555,T:6,V:1
104	H	H	80.0	3	H:8,Q:1,W:1	H	42.04	13	A:15,D:4,E:3,F:8,G:2,H:264,K:2,N:9,Q:166,R:15,S:1,W:120,Y:19
105	G	G	100.0	1	G:10	G	99.04	4	C:1,G:618,N:4,Y:1
106	F	F	100.0	1	F:10	F	85.99	9	A:1,C:1,F:534,I:12,L:4,M:5,T:9,V:5,Y:50
107	V	V	100.0	1	V:10	V	62.96	10	A:49,E:1,F:4,I:104,L:64,M:1,N:3,T:3,V:391,Y:1
108	V	V	100.0	1	V:10	V	89.69	9	A:11,C:1,I:27,L:2,M:1,Q:1,S:1,T:20,V:557
109	I	I	40.0	3	I:4,L:3,M:3	I	33.65	9	A:80,F:121,I:210,L:23,M:53,P:2,S:11,V:122,Y:2
110	T	T	70.0	2	T:7,V:3	A	45.66	14	A:284,C:3,G:68,H:1,I:10,L:6,M:16,N:30,Q:1,R:1,S:4,T:165,V:31,Y:2
111	I	I	100.0	1	I:10	I	36.71	13	A:82,E:1,F:16,G:2,I:228,L:48,M:18,N:66,P:65,S:50,T:27,V:15,Y:3
112	D	D	100.0	1	D:10	D	30.27	12	A:17,D:188,E:115,G:97,H:3,K:8,N:72,Q:9,R:10,S:11,T:77,Y:14
113	T	T	100.0	1	T:10	T	53.31	18	A:16,C:2,D:55,E:5,F:4,G:19,H:23,I:2,K:2,L:2,N:18,P:28,Q:4,R:48,S:46,T:322,V:5,Y:3
114	N	N	70.0	2	I:3,N:7	N	26.19	18	A:12,D:10,E:5,F:18,G:13,H:3,I:34,K:21,L:45,M:15,N:160,P:102,Q:32,R:18,S:28,T:77,V:12,Y:6
115	S	T	60.0	3	R:1,S:3,T:6	T	54.84	15	A:5,D:6,E:2,F:1,G:10,H:4,I:1,K:2,L:1,N:22,Q:2,R:2,S:81,T:170,V:1
116	T	T	50.0	3	I:2,L:3,T:5	R	31.33	18	A:4,D:1,E:14,F:4,G:13,H:1,I:31,K:4,L:50,M:1,N:8,P:16,Q:4,R:104,S:2,T:53,V:18,Y:4
117	L	L	50.0	3	L:5,S:1,Y:4	Y	24.88	19	A:10,D:5,E:1,F:32,G:53,H:1,I:4,K:8,L:81,M:8,N:9,P:19,Q:7,R:10,S:28,T:19,V:10,W:3,Y:102
118	D	D	100.0	1	D:10	D	65.7	15	A:3,D:272,E:21,G:77,H:1,I:1,K:4,L:5,N:9,P:2,Q:2,R:1,S:9,T:4,V:3
119	Q	Q	100.0	1	Q:10	Q	51.45	18	A:6,D:12,E:1,F:26,G:5,I:4,K:8,L:9,M:1,N:20,P:10,Q:213,R:11,S:30,T:27,V:19,W:2,Y:10
120	P	P	100.0	1	P:10	P	46.37	18	A:12,D:16,E:4,F:13,G:71,H:2,I:2,L:8,M:18,N:37,P:275,Q:21,R:4,S:17,T:67,V:17,W:4,Y:5
121	S	D	60.0	3	D:6,P:2,S:2	D	20.23	18	A:113,D:121,E:17,F:7,G:14,I:11,K:10,L:4,M:1,N:30,P:14,Q:10,R:26,S:95,T:108,V:5,W:2,Y:10
122	S	S	100.0	1	S:10	S	38.9	18	A:49,D:5,E:6,F:1,G:126,H:1,I:4,K:1,L:7,M:1,N:49,P:27,Q:17,S:233,T:65,V:4,W:2,Y:1
123	R	R	100.0	1	R:10	R	48.0	16	A:3,D:63,E:13,F:8,H:17,K:1,L:22,N:7,P:3,Q:10,R:288,S:57,T:78,V:6,W:11,Y:13
124	S	A	70.0	3	A:7,R:1,S:2	G	57.88	15	A:125,E:7,F:1,G:349,H:1,I:3,K:1,L:2,N:5,P:45,Q:10,R:4,S:34,T:8,V:8
125	S	S	40.0	5	D:1,N:1,R:3,S:4,T:1	R	27.53	18	A:62,D:87,E:65,F:1,G:11,H:6,I:19,K:25,L:9,M:1,N:14,P:5,Q:31,R:166,S:48,T:28,V:16,Y:9
126	Q	Q	100.0	1	Q:10	Q	48.24	16	A:33,D:55,E:103,F:1,G:9,K:2,L:7,M:51,N:4,P:7,Q:302,R:1,S:26,T:9,V:15,Y:1
127	Q	L	70.0	3	I:1,L:7,Q:2	L	52.24	15	A:18,D:1,E:2,F:4,G:2,H:13,I:86,L:327,M:131,P:10,Q:13,R:1,S:1,T:3,V:14
128	M	M	30.0	5	D:2,E:1,K:3,M:3,S:1	L	43.61	19	A:25,D:20,E:33,F:6,G:13,H:2,I:42,K:12,L:273,M:3,N:46,P:2,Q:6,R:52,S:20,T:55,V:12,W:3,Y:1
129	A	A	100.0	1	A:10	A	60.38	17	A:378,D:77,E:50,F:2,G:21,I:3,K:5,L:12,M:2,N:8,P:2,Q:8,R:11,S:26,T:11,W:7,Y:3
130	A	A	100.0	1	A:10	A	71.41	12	A:447,C:9,D:3,G:102,H:2,I:8,L:2,M:2,Q:5,S:25,T:10,V:11
131	L	L	100.0	1	L:10	L	54.79	12	A:99,D:1,F:4,G:4,I:112,L:343,M:2,N:2,Q:5,S:3,V:50,Y:1
132	R	D	60.0	3	D:6,E:1,R:3	D	64.06	12	A:26,D:401,E:16,G:3,H:12,K:14,L:1,N:13,Q:34,R:39,S:16,T:51
133	Q	Y	70.0	3	H:1,Q:2,Y:7	Y	46.49	16	A:24,E:12,F:21,H:49,I:1,K:5,L:24,M:4,N:1,Q:5,R:11,S:1,T:11,V:10,W:156,Y:291
134	V	V	40.0	3	L:4,M:2,V:4	L	66.29	8	A:112,C:1,F:1,I:16,L:415,M:53,T:4,V:24
135	A	A	40.0	4	A:4,I:1,T:1,V:4	T	27.88	16	A:63,D:3,E:30,G:5,H:2,I:101,K:22,L:29,M:1,N:1,P:1,Q:11,R:8,S:3,T:174,V:170
136	S	T	30.0	7	A:1,D:1,E:1,N:1,Q:1,S:2,T:3	A	23.79	14	A:148,D:56,E:98,G:55,H:4,K:21,L:6,M:1,N:14,Q:91,R:45,S:25,T:49,V:9
137	L	Q	71.43	2	L:2,Q:5	E	34.29	13	A:22,D:11,E:131,G:2,H:2,L:37,M:5,Q:83,R:62,S:16,T:5,V:1,W:5
138	N	N	57.14	3	A:1,N:4,S:2	N	67.61	14	A:14,D:51,E:4,G:11,H:2,I:3,K:8,L:1,M:3,N:240,Q:1,R:5,S:9,T:3
139	G	G	71.43	2	G:5,N:2	A	27.52	13	A:101,D:30,E:9,G:44,H:1,I:1,K:9,L:5,N:13,Q:16,R:10,S:64,T:64
140	T	R	40.0	4	D:1,R:4,S:3,T:2	R	31.63	14	A:18,C:1,D:191,E:14,G:5,H:1,K:37,L:3,N:30,Q:25,R:192,S:48,T:39,V:3
141	S	S	90.0	2	R:1,S:9	S	88.65	11	A:9,D:9,G:17,H:3,K:12,L:1,N:8,R:2,S:539,T:7,Y:1
142	S	S	80.0	3	N:1,R:1,S:8	P	26.96	16	A:43,D:41,E:23,G:6,I:15,K:24,L:4,M:1,N:1,P:165,Q:15,R:44,S:122,T:32,V:75,Y:1
143	S	S	80.0	3	A:1,S:8,Y:1	A	32.81	9	A:21,D:1,G:1,I:1,L:9,R:1,S:16,T:13,Y:1
144	P	P	60.0	3	P:6,S:2,T:2	T	56.25	8	A:17,D:2,E:1,F:1,G:1,P:5,Q:1,T:36
145	I	I	80.0	2	I:8,V:2	V	37.06	13	A:16,E:1,F:163,G:2,I:33,L:78,M:5,N:2,R:1,T:1,V:229,W:2,Y:85
146	Y	Y	50.0	4	N:1,R:3,S:1,Y:5	R	37.02	16	A:68,D:13,E:8,F:20,G:11,H:81,K:35,L:10,N:21,P:1,Q:17,R:231,S:25,T:6,V:3,Y:74
147	G	G	30.0	4	G:3,N:3,R:3,S:1	G	38.3	17	A:23,D:115,E:3,G:239,H:9,I:1,K:12,L:1,M:1,N:47,P:4,Q:24,R:27,S:90,T:26,V:1,Y:1
148	K	K	50.0	3	K:5,M:2,R:3	R	56.73	16	A:6,E:3,F:1,G:1,H:37,I:17,K:144,L:13,M:11,N:5,Q:12,R:354,S:8,T:8,V:2,Y:2
149	V	V	80.0	2	I:2,V:8	I	42.26	9	A:8,C:6,F:1,G:1,I:265,L:150,M:2,T:1,V:193
150	D	D	100.0	1	D:10	D	88.52	12	A:10,D:555,E:5,G:5,K:2,L:2,N:20,P:7,R:14,S:1,T:2,V:4
151	T	T	50.0	4	A:1,P:1,S:3,T:5	T	29.9	16	A:94,E:12,F:9,G:33,H:3,I:4,K:2,L:77,M:2,N:8,P:95,R:16,S:42,T:186,V:38,Y:1
152	A	S	60.0	3	A:2,N:2,S:6	S	23.51	13	A:65,D:102,E:27,F:3,G:66,H:3,K:12,N:48,Q:5,R:12,S:146,T:131,V:1
153	R	R	100.0	1	R:10	R	64.33	12	A:22,D:1,E:3,G:3,H:36,K:74,N:33,P:1,Q:25,R:404,S:18,T:8
154	M	L	50.0	3	L:5,M:1,R:4	L	43.47	11	A:4,F:6,I:139,L:273,M:20,P:2,Q:4,R:14,T:20,V:143,Y:3
155	G	G	50.0	2	A:5,G:5	A	49.04	12	A:308,D:2,E:1,F:1,G:272,I:3,L:5,N:4,S:5,T:2,V:24,Y:1
156	V	V	70.0	2	A:3,V:7	V	55.41	10	A:170,C:1,F:5,I:18,L:63,M:5,Q:1,S:11,T:6,V:348
157	M	M	40.0	4	A:4,I:1,M:4,V:1	M	38.38	10	A:134,F:5,G:14,I:31,L:27,M:241,R:1,S:76,T:34,V:65
158	G	G	100.0	1	G:10	G	99.36	3	G:624,L:1,S:3
159	W	H	60.0	2	H:6,W:4	H	79.39	10	F:19,H:497,L:1,M:13,N:1,Q:55,T:1,V:2,W:28,Y:9
160	S	S	80.0	2	A:2,S:8	S	98.57	8	A:2,C:1,D:1,E:1,G:2,I:1,S:619,V:1
161	M	M	100.0	1	M:10	M	49.12	14	A:12,C:99,D:1,F:24,G:6,K:2,L:6,M:308,Q:156,R:4,S:1,V:1,W:5,Y:2
162	G	G	100.0	1	G:10	G	99.68	3	A:1,G:624,R:1
163	G	G	100.0	1	G:10	G	84.66	4	A:90,D:1,G:530,S:5
164	G	G	100.0	1	G:10	G	63.3	15	A:70,D:2,E:1,F:1,G:395,H:2,I:33,L:61,M:1,N:1,P:1,Q:5,S:11,T:20,V:20
165	G	G	100.0	1	G:10	G	64.64	15	A:101,D:3,E:76,F:1,G:404,K:1,M:1,N:1,P:1,Q:26,S:2,T:5,V:1,W:1,Y:1
166	S	S	70.0	2	S:7,T:3	T	39.3	11	A:198,D:4,E:1,G:16,I:4,L:6,Q:2,R:2,S:114,T:246,V:33
167	L	L	100.0	1	L:10	L	60.22	13	A:5,F:11,H:1,I:94,L:377,M:7,Q:2,R:1,S:1,T:3,V:76,W:4,Y:44
168	I	R	30.0	5	I:2,K:1,L:3,R:3,Y:1	E	30.99	19	A:78,D:14,E:194,F:4,G:8,H:10,I:7,K:5,L:47,M:10,N:117,P:4,Q:10,R:48,S:14,T:9,V:30,W:2,Y:15
169	S	L	40.0	3	A:4,L:4,S:2	A	68.9	16	A:432,D:1,E:2,F:1,G:7,H:1,I:22,L:29,M:3,N:3,P:1,Q:1,R:1,S:11,T:27,V:85
170	A	A	90.0	2	A:9,S:1	A	64.08	13	A:396,D:1,E:5,F:1,G:78,I:3,K:2,L:13,M:14,N:4,S:63,T:19,V:19
171	A	R	40.0	5	A:2,E:2,K:1,R:4,T:1	A	24.88	19	A:153,D:83,E:55,F:6,G:16,H:3,I:14,K:29,L:16,M:3,N:61,P:10,Q:26,R:22,S:42,T:52,V:13,W:7,Y:4
172	N	D	50.0	4	D:5,N:2,Q:1,R:2	D	33.79	15	A:19,D:123,E:29,F:1,G:2,H:3,K:21,L:4,M:5,N:11,P:13,Q:30,R:44,S:46,T:13
173	N	N	60.0	3	D:1,N:6,R:3	R	43.78	16	A:4,D:191,E:4,G:8,H:5,K:3,L:11,M:6,N:38,P:14,Q:2,R:236,S:9,T:1,V:1,Y:6
174	P	P	100.0	1	P:8	P	71.72	17	A:31,D:8,E:7,F:4,G:14,H:1,I:1,K:10,L:4,M:1,N:1,P:383,Q:2,R:14,S:28,T:24,Y:1
175	S	S	60.0	4	D:2,G:1,S:6,T:1	R	28.09	18	A:38,D:33,E:49,F:3,G:24,H:1,I:7,K:4,L:62,M:9,N:6,P:2,Q:32,R:175,S:152,T:14,V:10,Y:2
176	L	L	60.0	3	I:1,L:6,Y:3	L	43.47	11	C:1,F:3,H:1,I:153,L:273,M:1,P:2,Q:2,V:187,W:1,Y:4
177	K	K	60.0	3	K:6,Q:3,R:1	K	31.69	18	A:15,D:82,E:4,F:1,G:6,H:1,I:5,K:199,L:3,M:1,N:1,P:1,Q:117,R:84,S:15,T:90,V:2,Y:1
178	A	A	100.0	1	A:10	A	54.46	8	A:342,E:1,G:15,K:4,R:4,S:35,T:217,V:10
179	A	A	100.0	1	A:10	A	49.6	12	A:311,C:3,D:10,F:1,G:12,I:30,L:7,P:2,S:11,T:97,V:141,Y:2
180	A	I	70.0	3	A:2,I:7,V:1	V	43.29	9	A:69,F:1,G:13,I:200,L:37,M:8,S:9,T:18,V:271
181	P	P	90.0	2	G:1,P:9	P	61.18	15	A:47,C:1,E:1,F:15,G:24,H:2,I:23,L:42,M:1,N:19,P:383,R:1,S:16,T:27,V:24
182	Q	L	40.0	3	L:4,M:3,Q:3	L	45.85	14	A:2,C:11,F:53,H:5,I:150,L:287,M:22,N:4,Q:6,S:3,T:4,V:20,W:45,Y:14
183	A	A	70.0	2	A:7,T:3	A	37.7	13	A:236,D:12,E:47,F:1,G:20,H:5,L:1,M:9,N:90,Q:56,S:20,T:123,Y:6
184	P	P	90.0	2	A:1,P:9	P	54.56	14	A:37,C:1,D:3,F:5,G:36,I:5,L:54,M:6,N:4,P:341,R:1,S:86,T:29,V:17
185	W	W	100.0	1	W:10	W	63.21	11	A:5,D:1,F:5,G:5,H:5,I:1,P:86,S:8,V:4,W:256,Y:29
186	D	N	33.33	6	A:1,D:1,H:2,N:3,S:1,Y:1	N	29.82	17	A:61,D:47,E:3,G:5,H:97,I:1,L:13,M:2,N:116,P:7,Q:4,R:6,S:19,T:2,V:1,W:1,Y:4
187	S	T	70.0	3	A:1,S:2,T:7	L	23.44	17	A:113,D:13,E:3,F:10,G:86,I:7,K:2,L:143,M:3,N:18,P:25,Q:2,R:4,S:65,T:96,V:15,Y:5
188	S	S	50.0	5	D:2,G:1,Q:1,S:5,T:1	D	41.79	18	A:26,D:257,E:22,F:3,G:18,H:1,I:14,K:10,L:13,M:1,N:47,P:5,Q:46,R:12,S:53,T:71,V:15,Y:1
189	T	S	40.0	5	E:1,F:1,K:3,S:4,T:1	K	31.81	18	A:58,D:3,E:21,F:8,G:46,H:1,I:17,K:195,L:26,M:2,N:6,P:64,Q:8,R:28,S:44,T:45,V:24,Y:17
190	N	T	60.0	4	L:1,N:2,S:1,T:6	S	19.22	18	A:59,C:1,D:60,E:7,F:43,G:17,H:4,I:4,K:2,L:3,N:73,P:19,Q:15,R:26,S:98,T:73,V:5,Y:1
191	F	F	80.0	2	F:8,W:2	W	68.62	13	A:4,D:1,F:51,G:2,L:10,M:2,P:2,Q:2,R:1,S:6,T:2,W:199,Y:8
192	S	R	40.0	4	G:2,N:1,R:4,S:3	S	32.01	18	A:59,D:22,E:13,F:3,G:52,H:11,K:20,L:31,M:4,N:20,P:48,Q:25,R:69,S:194,T:24,V:4,W:3,Y:4
193	S	S	60.0	3	R:1,S:6,T:3	G	21.01	15	A:23,D:67,E:38,G:104,H:2,I:1,K:29,L:9,N:59,P:5,Q:20,R:55,S:39,T:34,V:10
194	V	V	70.0	3	I:2,M:1,V:7	V	40.55	15	A:3,D:11,E:2,F:1,G:5,H:4,I:60,L:156,M:10,N:7,P:1,Q:4,S:6,T:10,V:191
195	T	T	30.0	5	E:1,Q:1,R:2,S:3,T:3	R	27.8	14	A:23,D:21,E:19,G:17,H:118,K:32,N:12,P:4,Q:50,R:169,S:44,T:93,V:5,Y:1
196	V	V	80.0	2	T:2,V:8	V	40.32	15	A:82,C:38,E:7,G:93,I:24,K:2,L:2,N:1,P:2,Q:7,R:1,S:9,T:100,V:250,W:2
197	P	P	100.0	1	P:10	P	90.84	7	A:12,D:2,K:5,N:1,P:565,R:1,S:36
198	T	T	100.0	1	T:10	T	53.14	10	A:54,F:1,I:53,L:5,M:35,N:2,S:11,T:330,V:128,W:2
199	L	L	70.0	2	L:7,M:3	L	48.31	11	A:58,F:67,G:9,I:3,L:300,M:146,Q:25,S:1,V:9,W:1,Y:2
200	I	I	90.0	2	I:9,V:1	I	36.23	15	A:3,E:1,F:114,H:1,I:225,K:1,L:84,M:3,N:1,P:1,Q:1,S:2,T:2,V:61,Y:121
201	F	F	50.0	3	F:5,I:4,V:1	I	33.55	13	A:9,D:2,E:2,F:71,G:1,I:208,L:125,M:46,N:1,Q:8,T:3,V:139,Y:5
202	A	G	60.0	3	A:3,G:6,S:1	G	39.52	16	A:123,C:2,D:10,F:1,G:245,H:9,I:17,L:20,N:50,P:1,Q:14,R:1,S:66,T:52,V:7,Y:2
203	C	C	70.0	2	A:3,C:7	G	69.24	7	A:162,C:14,D:3,G:430,M:3,S:7,V:2
204	E	E	70.0	2	E:7,Q:3	E	26.94	14	A:43,D:64,E:167,G:109,K:1,L:7,N:4,P:1,Q:108,R:1,S:67,T:37,V:4,Y:7
205	N	N	50.0	4	D:3,L:1,N:5,R:1	N	30.02	20	A:63,C:1,D:32,E:20,F:5,G:21,H:5,I:5,K:24,L:28,M:3,N:187,P:83,Q:15,R:27,S:65,T:18,V:4,W:3,Y:14
206	D	D	100.0	1	D:10	D	87.34	9	A:4,D:545,E:5,G:8,K:4,Q:2,R:2,S:39,T:15
207	S	S	70.0	3	S:7,T:2,V:1	T	23.06	19	A:29,D:101,E:8,F:34,G:40,H:2,I:12,K:6,L:22,M:2,N:10,P:16,Q:3,R:11,S:122,T:143,V:31,W:26,Y:2
208	I	I	80.0	2	I:8,V:2	I	47.88	17	A:2,C:6,D:2,F:4,G:2,I:294,L:70,M:4,N:1,P:2,Q:3,R:1,S:4,T:34,V:179,W:3,Y:3
209	A	A	100.0	1	A:10	A	66.72	13	A:415,C:3,D:2,G:4,I:72,N:7,P:4,Q:1,R:2,S:7,T:10,V:93,Y:2
210	P	P	70.0	2	P:7,S:3	P	33.28	19	A:22,D:5,E:3,F:15,G:31,H:14,I:5,K:3,L:13,M:2,N:4,P:205,Q:7,R:5,S:159,T:17,V:2,W:21,Y:83
211	V	V	90.0	2	N:1,V:9	V	34.03	18	A:42,D:9,E:25,F:2,G:14,H:6,I:6,K:8,L:3,M:2,N:17,P:196,Q:15,R:3,S:32,T:23,V:211,Y:6
212	N	R	30.0	6	F:3,G:1,N:1,R:3,S:1,T:1	A	22.74	18	A:141,D:38,E:9,F:19,G:61,H:9,I:3,K:4,L:9,N:112,P:3,Q:9,R:37,S:124,T:26,V:3,W:4,Y:9
213	S	S	90.0	2	Q:1,S:9	S	34.36	20	A:94,C:2,D:11,E:9,F:5,G:37,H:3,I:6,K:3,L:34,M:4,N:4,P:3,Q:7,R:11,S:179,T:98,V:8,W:1,Y:2
214	S	H	60.0	2	H:6,S:4	H	46.25	20	A:24,C:1,D:8,E:12,F:13,G:1,H:234,I:7,K:2,L:35,M:23,N:23,P:2,Q:10,R:4,S:40,T:28,V:8,W:16,Y:15
215	A	A	60.0	2	A:6,S:4	S	32.09	13	A:133,E:5,G:18,H:1,I:10,L:22,M:9,N:14,P:2,Q:34,S:164,T:3,V:96
216	L	I	40.0	5	E:2,F:1,I:4,L:1,S:2	E	24.02	19	A:11,D:7,E:122,F:2,G:2,H:8,I:77,K:44,L:16,M:4,N:3,P:1,Q:87,R:85,S:16,T:10,V:11,W:1,Y:1
217	P	P	100.0	1	P:10	P	49.12	17	A:72,D:11,E:6,G:54,I:2,K:8,L:11,M:1,N:5,P:250,Q:6,R:27,S:28,T:14,V:3,W:9,Y:2
218	I	F	60.0	2	F:6,I:4	F	51.56	16	A:9,D:4,F:265,G:1,H:1,I:32,K:1,L:23,M:18,Q:3,R:19,S:8,T:19,V:15,W:9,Y:87
219	Y	Y	100.0	1	Y:10	Y	83.8	11	F:39,G:1,H:5,L:3,M:1,N:1,Q:1,S:1,V:5,W:42,Y:512
220	D	N	90.0	2	D:1,N:9	N	25.04	16	A:50,D:109,E:111,F:1,G:30,H:3,I:2,K:10,L:8,N:153,P:3,Q:25,R:36,S:22,T:47,Y:1
221	S	A	40.0	5	A:4,G:1,Q:1,R:1,S:3	S	36.17	17	A:86,D:24,E:10,G:27,H:3,I:1,K:12,L:39,M:1,N:32,P:1,Q:46,R:87,S:221,T:11,V:9,W:1
222	M	I	50.0	3	I:5,L:3,M:2	L	39.37	14	A:71,C:5,D:3,E:1,I:135,K:23,L:239,M:19,N:3,P:1,R:1,S:21,T:36,V:49
223	S	P	80.0	3	P:8,S:1,T:1	A	25.78	17	A:141,D:47,E:9,F:3,G:95,H:1,I:2,K:4,M:2,N:43,P:4,Q:10,R:10,S:129,T:37,V:7,Y:3
224	R	S	30.0	4	G:2,N:3,R:2,S:3	S	25.42	15	A:109,D:29,E:4,F:1,G:92,H:55,K:5,L:10,N:21,P:24,Q:32,R:9,S:152,T:45,V:10
225	N	S	80.0	2	N:2,S:8	V	20.26	17	A:98,D:4,E:2,G:11,I:35,K:3,L:115,M:6,N:4,P:63,Q:4,R:27,S:62,T:50,V:125,W:6,Y:2
226	A	D	40.0	4	A:2,D:4,K:1,R:3	P	42.47	13	A:40,D:76,E:161,G:27,H:4,K:5,L:4,N:8,P:265,Q:7,R:7,S:10,T:10
227	K	K	100.0	1	K:10	K	53.3	13	A:157,E:1,F:1,G:8,I:1,K:331,L:1,M:3,N:2,R:68,S:9,T:7,V:32
228	Q	A	60.0	3	A:6,N:3,Q:1	A	53.29	18	A:308,C:1,D:2,E:4,F:80,G:11,H:1,I:30,L:18,M:3,N:3,Q:34,R:1,S:4,T:4,V:51,W:13,Y:10
229	F	Y	70.0	3	F:2,N:1,Y:7	Y	54.06	14	A:1,E:3,F:63,H:1,I:17,K:10,L:69,M:43,N:1,R:18,T:1,V:13,W:26,Y:313
230	L	L	50.0	4	A:1,F:1,L:5,V:3	L	34.67	15	A:172,D:1,F:3,G:101,H:2,I:16,K:1,L:216,M:20,R:25,S:7,T:8,V:44,W:1,Y:6
231	E	E	90.0	2	E:9,V:1	E	56.99	16	A:9,C:3,D:5,E:310,G:7,I:6,K:5,L:46,M:13,N:10,Q:9,R:12,S:16,T:69,V:23,Y:1
232	I	I	70.0	2	I:7,L:3	L	57.44	17	A:12,D:12,E:2,F:13,G:1,H:25,I:63,L:355,M:5,N:50,P:1,Q:4,R:7,S:8,T:3,V:50,Y:7
233	N	N	40.0	4	D:2,N:4,R:3,S:1	N	17.61	17	A:78,D:48,E:19,F:3,G:7,I:10,K:81,L:68,M:7,N:109,P:12,Q:3,R:106,S:11,T:28,V:28,Y:1
234	G	G	70.0	2	G:7,N:3	G	59.13	14	A:24,D:79,E:2,F:1,G:366,H:2,K:3,M:1,N:104,P:15,R:6,S:9,T:4,Y:3
235	G	G	40.0	3	A:3,D:3,G:4	A	66.13	15	A:408,C:2,D:3,E:4,F:2,G:63,I:1,K:2,P:15,Q:2,R:1,S:11,T:14,V:87,Y:2
236	S	S	50.0	3	D:4,N:1,S:5	G	36.7	13	A:7,D:65,E:7,F:23,G:229,L:1,N:55,P:1,Q:3,R:2,S:173,T:54,Y:4
237	H	H	100.0	1	H:10	H	99.2	4	G:2,H:619,Q:2,T:1
238	S	F	60.0	4	F:6,L:1,S:2,Y:1	F	46.55	19	A:4,C:23,D:1,E:3,F:290,G:35,H:1,I:7,L:40,M:26,N:82,P:1,Q:4,R:1,S:21,T:26,V:15,W:3,Y:40
239	C	C	70.0	2	A:3,C:7	A	21.84	19	A:133,C:15,D:7,E:1,F:100,G:6,H:1,I:71,L:21,M:4,N:2,P:41,Q:6,R:1,S:27,T:119,V:41,W:2,Y:11
240	A	A	40.0	3	A:4,P:3,V:3	P	60.78	16	A:24,D:1,E:3,F:44,G:3,I:6,L:6,N:2,P:203,Q:1,R:5,S:1,T:2,V:12,W:5,Y:16
241	N	N	70.0	2	M:3,N:7	N	27.8	18	A:34,D:54,E:15,F:4,G:162,H:4,I:11,K:2,L:8,M:8,N:169,P:5,Q:55,R:7,S:23,T:35,V:11,W:1
242	S	S	40.0	4	G:1,L:2,N:3,S:4	T	24.75	19	A:20,D:62,E:42,F:7,G:27,H:1,I:25,K:13,L:34,M:6,N:13,P:7,Q:61,R:14,S:93,T:151,V:27,W:2,Y:5
243	G	G	60.0	3	G:6,S:3,T:1	P	27.48	17	A:44,C:3,D:21,E:25,G:113,I:5,K:2,L:5,N:12,P:169,Q:16,R:24,S:104,T:56,V:9,W:2,Y:5
244	N	N	60.0	3	G:3,N:6,Y:1	N	50.0	15	A:13,D:54,E:7,F:3,G:145,H:18,K:5,N:301,P:5,Q:3,R:5,S:22,T:17,V:1,Y:3
245	S	G	42.86	4	G:3,P:1,R:1,S:2	G	44.0	19	A:12,C:31,D:1,E:1,F:3,G:88,H:6,I:12,K:1,L:10,M:1,N:2,P:11,Q:1,R:7,S:5,T:6,V:1,W:1
246	N	H	42.86	4	D:1,H:3,N:2,Y:1	Q	38.36	14	A:1,D:1,E:1,F:2,G:6,H:7,K:1,N:6,P:1,Q:28,R:2,S:12,T:1,Y:4
247	Q	D	57.14	4	A:1,D:4,E:1,Q:1	Q	19.0	13	A:15,D:5,E:6,H:9,I:8,K:3,L:10,N:4,Q:19,R:13,T:1,V:6,Y:1
248	A	A	50.0	4	A:5,D:1,G:1,T:3	T	47.55	17	A:34,D:34,E:26,F:4,G:3,H:4,I:5,K:18,M:1,N:6,P:24,Q:14,R:8,S:9,T:194,V:1,Y:23
249	L	T	50.0	4	I:1,L:3,P:1,T:5	T	32.34	18	A:33,D:23,E:88,F:3,G:81,H:1,I:30,K:10,L:31,M:3,N:11,P:39,Q:9,R:18,S:3,T:195,V:21,Y:4
250	I	I	50.0	2	I:5,L:5	I	28.71	14	A:29,E:3,F:138,G:19,H:2,I:174,L:40,M:51,Q:1,S:8,T:33,V:30,W:1,Y:77
251	G	G	80.0	2	A:2,G:8	A	43.14	19	A:261,D:2,E:2,F:3,G:108,H:4,I:5,K:10,L:75,M:7,N:1,P:2,Q:4,R:69,S:14,T:8,V:14,W:13,Y:3
252	K	K	90.0	2	K:9,R:1	K	37.4	14	A:38,D:3,E:12,G:150,I:1,K:227,M:8,N:1,P:4,Q:21,R:119,S:7,T:8,V:8
253	K	Y	60.0	3	K:1,L:3,Y:6	Y	43.66	16	A:12,F:22,H:1,I:22,K:1,L:37,M:7,N:6,P:41,Q:6,R:2,S:28,T:17,V:135,W:14,Y:272
254	G	G	70.0	3	A:1,G:7,S:2	S	21.99	12	A:85,C:1,E:8,F:5,G:74,I:19,L:64,M:69,P:20,S:137,T:85,V:56
255	V	V	50.0	2	I:5,V:5	T	34.62	11	A:53,G:9,I:167,K:1,L:37,M:2,P:2,R:6,S:12,T:216,V:119
256	A	S	60.0	2	A:4,S:6	A	56.41	16	A:352,D:33,E:5,F:1,G:8,H:9,K:5,L:14,M:1,N:10,P:7,Q:9,R:5,S:160,T:4,V:1
257	W	W	100.0	1	W:10	W	91.99	6	A:5,F:39,L:1,T:2,W:574,Y:3
258	M	M	70.0	3	L:2,M:7,V:1	L	60.97	11	A:6,F:94,H:3,I:3,L:378,M:102,N:3,Q:5,V:5,W:7,Y:14
259	K	K	100.0	1	K:10	K	53.39	14	A:13,D:42,E:9,H:4,K:331,L:33,M:37,N:3,Q:15,R:118,S:6,T:2,V:4,Y:3
260	R	R	90.0	2	L:1,R:9	R	39.55	16	A:34,D:9,F:51,G:3,H:13,I:6,L:29,M:1,P:3,Q:3,R:244,S:1,T:4,V:6,W:89,Y:121
261	F	F	90.0	2	F:9,H:1	F	33.71	17	A:10,E:4,F:208,G:1,H:45,I:2,K:6,L:5,M:2,N:1,Q:108,R:59,S:7,T:38,V:17,W:29,Y:75
262	M	V	50.0	4	I:1,L:1,M:3,V:5	L	55.56	9	A:5,D:1,E:1,F:1,G:1,I:78,L:345,M:8,V:181
263	D	D	100.0	1	D:10	D	44.81	17	A:23,D:272,E:7,F:7,G:5,H:11,K:87,L:15,M:41,N:21,Q:44,R:39,S:11,T:9,V:2,W:6,Y:7
264	N	N	40.0	5	D:3,E:1,G:1,N:4,Q:1	G	40.74	15	A:24,D:180,E:44,F:1,G:253,H:2,K:3,L:1,M:1,N:94,Q:5,R:8,S:2,T:1,V:2
265	D	D	100.0	1	D:10	D	91.8	14	A:2,C:5,D:571,E:11,G:2,K:1,L:4,N:13,Q:1,R:3,S:6,T:1,V:1,W:1
266	T	T	80.0	3	Q:1,R:1,T:8	T	40.35	16	A:91,D:11,E:54,G:10,H:1,I:1,K:14,L:22,M:3,N:5,P:47,Q:48,R:35,S:20,T:251,V:9
267	R	R	100.0	1	R:10	A	46.62	13	A:290,D:1,G:8,H:5,K:1,L:5,M:1,P:2,Q:9,R:275,S:22,T:1,V:2
268	Y	Y	100.0	1	Y:10	Y	44.93	16	A:44,C:4,E:8,F:5,G:50,H:13,K:26,L:6,N:1,Q:7,R:158,S:8,T:1,V:7,W:4,Y:279
269	S	S	60.0	4	A:1,D:1,S:6,T:2	A	19.43	16	A:116,D:111,E:115,G:79,H:5,K:15,L:5,M:2,N:7,P:8,Q:16,R:26,S:46,T:39,V:1,Y:6
270	T	P	50.0	4	K:1,P:5,Q:3,T:1	Q	36.11	19	A:96,D:2,E:32,F:6,G:2,H:4,I:4,K:12,L:35,M:16,N:5,P:28,Q:217,R:62,S:6,T:11,V:25,W:12,Y:26
271	F	F	100.0	1	F:10	F	88.02	9	F:529,H:1,I:5,L:25,M:3,R:2,S:2,V:19,Y:15
272	A	L	60.0	3	A:1,L:6,V:3	L	46.59	19	A:53,D:3,E:4,F:44,G:2,H:4,I:16,K:8,L:280,M:1,N:2,P:4,Q:3,R:10,S:10,T:36,V:83,W:3,Y:35
273	C	C	100.0	1	C:10	C	44.0	16	A:14,C:264,D:10,E:7,G:242,H:3,K:3,M:1,N:8,P:11,Q:5,R:5,S:20,T:4,V:2,Y:1
274	E	G	70.0	3	E:1,G:7,P:2	P	60.83	14	A:61,D:17,E:8,G:51,H:1,K:6,L:6,N:7,P:368,Q:11,R:8,S:44,T:16,V:1
275	N	A	50.0	4	A:5,G:2,N:1,P:2	A	38.67	15	A:116,D:1,E:7,G:49,I:5,K:5,L:6,M:3,N:7,P:79,Q:2,R:3,S:4,T:7,V:6
276	P	P	40.0	3	E:4,N:2,P:4	P	82.35	14	A:9,D:2,E:11,F:4,K:1,L:5,M:3,N:7,P:252,Q:1,R:3,S:3,T:2,V:3
277	N	H	40.0	4	H:4,N:1,S:2,Y:3	S	17.41	16	A:18,D:23,E:11,G:28,H:14,I:1,K:2,L:2,N:11,P:12,Q:7,R:37,S:39,T:13,V:2,Y:4
278	S	S	75.0	3	G:1,S:6,T:1	N	18.93	18	A:13,D:36,E:13,F:31,G:41,H:1,I:4,K:7,L:8,M:1,N:74,P:20,Q:5,R:19,S:49,T:63,V:5,Y:1
279	T	D	30.0	6	D:3,E:1,G:1,K:1,S:3,T:1	S	18.01	18	A:52,D:23,E:9,F:11,G:32,H:2,I:8,K:5,L:51,N:11,P:62,Q:2,R:26,S:87,T:81,V:15,W:1,Y:5
280	R	R	50.0	3	L:1,R:4,Y:3	A	18.4	17	A:101,D:98,E:48,F:1,G:62,H:13,I:1,K:1,L:13,N:30,P:14,Q:17,R:10,S:34,T:91,V:10,Y:5
281	V	E	37.5	5	A:1,E:3,Q:1,S:1,V:2	I	54.7	11	A:6,E:3,F:27,I:163,L:31,M:5,Q:1,R:5,T:2,V:48,Y:7
282	S	V	60.0	4	F:1,I:2,S:1,V:6	S	33.39	17	A:36,D:48,E:92,F:9,G:29,I:2,K:10,L:11,M:1,N:5,P:2,Q:65,R:11,S:206,T:63,V:25,Y:2
283	D	S	60.0	3	D:1,E:3,S:6	E	30.75	18	A:28,D:105,E:159,F:2,G:18,H:7,I:4,K:20,L:4,M:2,N:62,P:5,Q:29,R:16,S:23,T:14,V:16,Y:3
284	F	E	30.0	5	A:1,D:2,E:3,F:1,R:3	Y	40.07	19	A:33,D:1,E:5,F:40,G:10,H:4,I:14,K:4,L:8,M:2,N:1,P:2,Q:58,R:10,S:21,T:13,V:125,W:17,Y:246
285	R	Y	50.0	4	H:1,R:1,S:3,Y:5	R	44.61	20	A:85,C:1,D:29,E:60,F:2,G:1,H:5,I:10,K:15,L:25,M:8,N:2,P:4,Q:38,R:273,S:8,T:24,V:19,W:1,Y:2
286	T	R	50.0	4	K:1,R:5,T:1,Y:3	D	19.67	17	A:19,D:120,E:26,F:8,G:35,H:23,I:4,K:30,L:20,N:18,P:2,Q:55,R:113,S:103,T:21,V:7,Y:6
287	A	S	40.0	4	A:1,E:2,N:3,S:4	T	36.21	15	A:13,D:4,E:4,F:1,G:13,I:3,K:127,N:116,P:7,Q:4,R:23,S:59,T:214,V:1,Y:2
288	N	N	50.0	2	N:5,T:5	N	36.56	17	A:56,D:27,E:3,F:3,G:27,H:4,I:17,K:7,L:16,N:121,P:18,Q:3,R:3,S:9,T:9,V:6,Y:2
289	C	C	100.0	1	C:10	C	69.43	14	A:12,C:268,F:24,G:1,I:20,L:27,N:1,P:2,R:1,S:1,T:1,V:22,W:2,Y:4
290	S	P	80.0	3	N:1,P:8,S:1	P	77.39	13	A:7,D:7,E:10,G:6,K:3,L:12,N:1,P:291,Q:4,R:6,S:18,T:10,Y:1
