Alignment_position	Consensus	Conservation_percent	Unique_aminoacids	Counts
1	M	100.0	1	M:7
2	S	42.86	5	E:1,F:1,K:1,N:1,S:3
3	S	40.0	4	G:1,I:1,L:1,S:2
4	T	40.0	4	D:1,I:1,K:1,T:2
5	I	33.33	5	F:1,I:2,L:1,S:1,T:1
6	P	80.0	2	K:1,P:4
7	R	75.0	2	Q:1,R:3
8	K	33.33	3	K:1,Q:1,R:1
9	D	100.0	1	D:1
10	T	100.0	1	T:1
11	L	50.0	3	A:1,L:2,S:1
12	K	25.0	4	A:1,K:1,R:1,S:1
13	S	75.0	2	P:1,S:3
14	L	50.0	2	A:2,L:2
15	L	40.0	4	A:1,F:1,I:1,L:2
16	S	60.0	3	A:1,S:3,V:1
17	R	60.0	3	F:1,R:3,T:1
18	L	66.67	3	F:1,L:4,S:1
19	A	100.0	1	A:1
20	R	100.0	1	R:2
21	T	50.0	2	N:1,T:1
22	A	50.0	2	A:1,N:1
23	V	33.33	3	A:1,S:1,V:1
24	R	100.0	1	R:3
25	A	28.57	5	A:2,M:1,R:1,T:1,V:2
26	A	57.14	3	A:4,Q:1,R:2
27	A	57.14	4	A:4,F:1,G:1,M:1
28	R	28.57	6	A:1,G:1,L:1,M:1,R:2,S:1
29	L	57.14	3	L:4,T:2,V:1
30	A	57.14	3	A:4,L:1,S:2
31	V	42.86	5	G:1,L:1,S:1,T:1,V:3
32	G	42.86	3	A:3,G:3,S:1
33	A	57.14	3	A:4,L:2,V:1
34	L	28.57	5	F:1,L:2,M:1,T:2,W:1
35	A	42.86	5	A:3,F:1,L:1,S:1,V:1
36	V	42.86	4	I:1,L:2,M:1,V:3
37	A	50.0	3	A:3,S:2,T:1
38	A	83.33	2	A:5,P:1
39	A	33.33	3	A:2,S:2,T:2
40	V	100.0	1	V:2
41	A	80.0	2	A:4,P:1
42	V	60.0	2	T:2,V:3
43	A	80.0	2	A:4,P:1
44	S	66.67	2	S:2,T:1
45	P	100.0	1	P:3
46	A	66.67	2	A:2,D:1
47	Q	66.67	2	P:1,Q:2
48	E	33.33	4	A:3,E:3,Q:2,T:1
49	F	33.33	5	A:2,F:3,H:1,P:1,T:2
50	N	90.0	2	A:1,N:9
51	P	90.0	2	P:9,Q:1
52	S	50.0	2	G:1,S:1
53	P	50.0	2	D:1,P:1
54	D	50.0	2	D:1,V:1
55	P	100.0	1	P:2
56	G	50.0	2	D:1,G:1
57	S	50.0	2	S:1,T:1
58	C	100.0	1	C:2
59	S	50.0	2	E:1,S:1
60	G	100.0	1	G:2
61	A	50.0	2	A:1,D:1
62	E	50.0	2	C:1,E:1
63	C	50.0	2	C:1,G:1
64	Y	100.0	1	Y:10
65	Q	50.0	4	A:2,E:2,I:1,Q:5
66	R	60.0	2	K:4,R:6
67	G	100.0	1	G:10
68	P	100.0	1	P:10
69	D	60.0	2	D:6,N:4
70	P	100.0	1	P:10
71	T	100.0	1	T:10
72	A	40.0	5	A:4,E:1,N:2,S:1,V:2
73	S	70.0	3	A:2,R:1,S:7
74	S	50.0	3	A:4,F:1,S:5
75	L	80.0	2	I:2,L:8
76	E	90.0	2	E:9,N:1
77	A	70.0	2	A:7,R:3
78	T	28.57	4	D:2,L:2,S:1,T:2
79	R	30.0	5	A:1,D:1,N:3,R:3,S:2
80	G	100.0	1	G:10
81	P	100.0	1	P:10
82	F	70.0	2	F:7,Y:3
83	S	40.0	4	A:3,R:1,S:4,T:2
84	V	50.0	3	I:4,T:1,V:5
85	R	50.0	4	A:2,D:1,R:5,S:2
86	S	50.0	3	E:2,S:5,T:3
87	T	40.0	5	D:1,E:1,F:2,S:2,T:4
88	S	50.0	4	N:2,R:1,S:5,T:2
89	V	100.0	1	V:10
90	S	100.0	1	S:10
91	R	60.0	2	R:6,S:4
92	L	50.0	3	F:1,L:4,T:3
93	S	60.0	3	A:1,Q:1,S:3
94	V	60.0	3	A:2,P:2,V:6
95	S	70.0	3	R:2,S:7,V:1
96	G	100.0	1	G:10
97	F	80.0	2	F:8,Y:2
98	G	100.0	1	G:10
99	G	80.0	2	A:2,G:8
100	G	100.0	1	G:10
101	T	70.0	2	R:3,T:7
102	I	50.0	3	I:5,L:3,V:2
103	Y	90.0	2	H:1,Y:9
104	Y	100.0	1	Y:10
105	P	100.0	1	P:10
106	T	80.0	2	T:8,V:2
107	N	60.0	2	G:2,N:3
108	A	60.0	3	A:6,D:1,T:3
109	S	40.0	4	E:2,G:2,N:2,S:4
110	G	80.0	3	E:1,G:8,N:1
111	T	80.0	2	K:2,T:8
112	Y	40.0	4	F:2,M:2,V:2,Y:4
113	G	80.0	2	A:2,G:8
114	A	90.0	2	A:9,V:1
115	I	70.0	3	I:7,L:1,V:2
116	A	90.0	2	A:9,V:1
117	V	60.0	2	I:4,V:6
118	S	60.0	3	I:2,S:6,V:2
119	P	100.0	1	P:10
120	G	100.0	1	G:10
121	Y	60.0	2	F:4,Y:6
122	T	80.0	3	M:1,T:8,V:1
123	G	50.0	3	A:3,G:5,S:2
124	T	60.0	3	R:2,T:6,Y:2
125	Q	60.0	3	E:1,Q:6,S:3
126	S	100.0	1	S:10
127	S	70.0	2	S:7,T:3
128	I	70.0	2	I:7,M:3
129	S	30.0	6	A:1,K:1,N:1,R:1,S:3,T:3
130	W	60.0	2	F:4,W:6
131	W	70.0	2	L:3,W:7
132	G	100.0	1	G:10
133	P	40.0	4	E:4,P:4,R:1,S:1
134	R	100.0	1	R:10
135	L	90.0	2	I:1,L:9
136	A	100.0	1	A:10
137	S	90.0	2	S:9,T:1
138	H	80.0	3	H:8,Q:1,W:1
139	G	100.0	1	G:10
140	F	100.0	1	F:10
141	V	100.0	1	V:10
142	V	100.0	1	V:10
143	I	40.0	3	I:4,L:3,M:3
144	T	70.0	2	T:7,V:3
145	I	100.0	1	I:10
146	D	100.0	1	D:10
147	T	100.0	1	T:10
148	N	70.0	2	I:3,N:7
149	T	60.0	3	R:1,S:3,T:6
150	T	50.0	3	I:2,L:3,T:5
151	L	50.0	3	L:5,S:1,Y:4
152	D	100.0	1	D:10
153	Q	100.0	1	Q:10
154	P	100.0	1	P:10
155	D	60.0	3	D:6,P:2,S:2
156	S	100.0	1	S:10
157	R	100.0	1	R:10
158	A	70.0	3	A:7,R:1,S:2
159	S	40.0	5	D:1,N:1,R:3,S:4,T:1
160	Q	100.0	1	Q:10
161	L	70.0	3	I:1,L:7,Q:2
162	M	30.0	5	D:2,E:1,K:3,M:3,S:1
163	A	100.0	1	A:10
164	A	100.0	1	A:10
165	L	100.0	1	L:10
166	D	60.0	3	D:6,E:1,R:3
167	Y	70.0	3	H:1,Q:2,Y:7
168	V	40.0	3	L:4,M:2,V:4
169	A	40.0	4	A:4,I:1,T:1,V:4
170	T	30.0	7	A:1,D:1,E:1,N:1,Q:1,S:2,T:3
171	Q	71.43	2	L:2,Q:5
172	N	57.14	3	A:1,N:4,S:2
173	G	71.43	2	G:5,N:2
174	R	40.0	4	D:1,R:4,S:3,T:2
175	S	90.0	2	R:1,S:9
176	S	80.0	3	N:1,R:1,S:8
177	S	80.0	3	A:1,S:8,Y:1
178	P	60.0	3	P:6,S:2,T:2
179	I	80.0	2	I:8,V:2
180	Y	50.0	4	N:1,R:3,S:1,Y:5
181	G	30.0	4	G:3,N:3,R:3,S:1
182	K	50.0	3	K:5,M:2,R:3
183	V	80.0	2	I:2,V:8
184	D	100.0	1	D:10
185	T	50.0	4	A:1,P:1,S:3,T:5
186	S	60.0	3	A:2,N:2,S:6
187	R	100.0	1	R:10
188	L	50.0	3	L:5,M:1,R:4
189	G	50.0	2	A:5,G:5
190	V	70.0	2	A:3,V:7
191	M	40.0	4	A:4,I:1,M:4,V:1
192	G	100.0	1	G:10
193	H	60.0	2	H:6,W:4
194	S	80.0	2	A:2,S:8
195	M	100.0	1	M:10
196	G	100.0	1	G:10
197	G	100.0	1	G:10
198	G	100.0	1	G:10
199	G	100.0	1	G:10
200	S	70.0	2	S:7,T:3
201	L	100.0	1	L:10
202	R	30.0	5	I:2,K:1,L:3,R:3,Y:1
203	L	40.0	3	A:4,L:4,S:2
204	A	90.0	2	A:9,S:1
205	R	40.0	5	A:2,E:2,K:1,R:4,T:1
206	D	50.0	4	D:5,N:2,Q:1,R:2
207	N	60.0	3	D:1,N:6,R:3
208	P	100.0	1	P:8
209	S	60.0	4	D:2,G:1,S:6,T:1
210	L	60.0	3	I:1,L:6,Y:3
211	K	60.0	3	K:6,Q:3,R:1
212	A	100.0	1	A:10
213	A	100.0	1	A:10
214	I	70.0	3	A:2,I:7,V:1
215	P	90.0	2	G:1,P:9
216	L	40.0	3	L:4,M:3,Q:3
217	A	70.0	2	A:7,T:3
218	P	90.0	2	A:1,P:9
219	W	100.0	1	W:10
220	N	33.33	6	A:1,D:1,H:2,N:3,S:1,Y:1
221	T	70.0	3	A:1,S:2,T:7
222	S	50.0	5	D:2,G:1,Q:1,S:5,T:1
223	S	40.0	5	E:1,F:1,K:3,S:4,T:1
224	T	60.0	4	L:1,N:2,S:1,T:6
225	A	60.0	3	A:3,G:1,S:1
226	F	80.0	2	F:8,W:2
227	R	40.0	4	G:2,N:1,R:4,S:3
228	S	60.0	3	R:1,S:6,T:3
229	V	70.0	3	I:2,M:1,V:7
230	T	30.0	5	E:1,Q:1,R:2,S:3,T:3
231	V	80.0	2	T:2,V:8
232	P	100.0	1	P:10
233	T	100.0	1	T:10
234	L	70.0	2	L:7,M:3
235	I	90.0	2	I:9,V:1
236	F	50.0	3	F:5,I:4,V:1
237	G	60.0	3	A:3,G:6,S:1
238	C	70.0	2	A:3,C:7
239	E	70.0	2	E:7,Q:3
240	N	50.0	4	D:3,L:1,N:5,R:1
241	D	100.0	1	D:10
242	S	70.0	3	S:7,T:2,V:1
243	I	80.0	2	I:8,V:2
244	A	100.0	1	A:10
245	P	70.0	2	P:7,S:3
246	V	90.0	2	N:1,V:9
247	R	30.0	6	F:3,G:1,N:1,R:3,S:1,T:1
248	S	90.0	2	Q:1,S:9
249	H	60.0	2	H:6,S:4
250	A	60.0	2	A:6,S:4
251	I	40.0	5	E:2,F:1,I:4,L:1,S:2
252	P	100.0	1	P:10
253	F	60.0	2	F:6,I:4
254	Y	100.0	1	Y:10
255	N	90.0	2	D:1,N:9
256	A	40.0	5	A:4,G:1,Q:1,R:1,S:3
257	I	50.0	3	I:5,L:3,M:2
258	P	80.0	3	P:8,S:1,T:1
259	S	30.0	4	G:2,N:3,R:2,S:3
260	S	80.0	2	N:2,S:8
261	T	62.5	2	L:3,T:5
262	D	40.0	4	A:2,D:4,K:1,R:3
263	K	100.0	1	K:10
264	A	60.0	3	A:6,N:3,Q:1
265	Y	70.0	3	F:2,N:1,Y:7
266	L	50.0	4	A:1,F:1,L:5,V:3
267	E	90.0	2	E:9,V:1
268	I	70.0	2	I:7,L:3
269	N	40.0	4	D:2,N:4,R:3,S:1
270	G	70.0	2	G:7,N:3
271	G	40.0	3	A:3,D:3,G:4
272	S	50.0	3	D:4,N:1,S:5
273	H	100.0	1	H:10
274	F	60.0	4	F:6,L:1,S:2,Y:1
275	C	70.0	2	A:3,C:7
276	A	40.0	3	A:4,P:3,V:3
277	N	70.0	2	M:3,N:7
278	S	40.0	4	G:1,L:2,N:3,S:4
279	G	60.0	3	G:6,S:3,T:1
280	N	60.0	3	G:3,N:6,Y:1
281	G	42.86	4	G:3,P:1,R:1,S:2
282	H	42.86	4	D:1,H:3,N:2,Y:1
283	D	57.14	4	A:1,D:4,E:1,Q:1
284	A	50.0	4	A:5,D:1,G:1,T:3
285	T	50.0	4	I:1,L:3,P:1,T:5
286	I	50.0	2	I:5,L:5
287	G	80.0	2	A:2,G:8
288	K	90.0	2	K:9,R:1
289	Y	60.0	3	K:1,L:3,Y:6
290	G	70.0	3	A:1,G:7,S:2
291	V	50.0	2	I:5,V:5
292	S	60.0	2	A:4,S:6
293	W	100.0	1	W:10
294	M	70.0	3	L:2,M:7,V:1
295	K	100.0	1	K:10
296	R	90.0	2	L:1,R:9
297	F	90.0	2	F:9,H:1
298	V	50.0	4	I:1,L:1,M:3,V:5
299	D	100.0	1	D:10
300	N	40.0	5	D:3,E:1,G:1,N:4,Q:1
301	D	100.0	1	D:10
302	T	80.0	3	Q:1,R:1,T:8
303	R	100.0	1	R:10
304	Y	100.0	1	Y:10
305	S	60.0	4	A:1,D:1,S:6,T:2
306	P	50.0	4	K:1,P:5,Q:3,T:1
307	F	100.0	1	F:10
308	L	60.0	3	A:1,L:6,V:3
309	C	100.0	1	C:10
310	G	70.0	3	E:1,G:7,P:2
311	A	50.0	4	A:5,G:2,N:1,P:2
312	P	40.0	3	E:4,N:2,P:4
313	H	40.0	4	H:4,N:1,S:2,Y:3
314	N	33.33	4	E:2,N:3,Q:2,T:2
315	R	44.44	4	A:1,G:2,R:4,S:2
316	V	42.86	5	D:1,L:1,V:3,W:1,Y:1
317	V	42.86	5	A:1,F:1,G:1,L:1,V:3
318	S	75.0	3	G:1,S:6,T:1
319	D	30.0	6	D:3,E:1,G:1,K:1,S:3,T:1
320	R	50.0	3	L:1,R:4,Y:3
321	E	37.5	5	A:1,E:3,Q:1,S:1,V:2
322	V	60.0	4	F:1,I:2,S:1,V:6
323	S	60.0	3	D:1,E:3,S:6
324	E	30.0	5	A:1,D:2,E:3,F:1,R:3
325	Y	50.0	4	H:1,R:1,S:3,Y:5
326	R	50.0	4	K:1,R:5,T:1,Y:3
327	S	40.0	4	A:1,E:2,N:3,S:4
328	N	50.0	2	N:5,T:5
329	C	100.0	1	C:10
330	P	80.0	3	N:1,P:8,S:1
331	Y	66.67	2	F:3,Y:6
