Alignment_position	IsPETase_pos	IsPETase_res	TfCut2_pos	TfCut2_res
41	NA	-	1	M
42	NA	-	2	A
43	NA	-	3	V
44	NA	-	4	M
63	NA	-	5	T
64	NA	-	6	P
65	NA	-	7	R
66	NA	-	8	R
67	NA	-	9	E
86	NA	-	10	R
87	NA	-	11	S
88	NA	-	12	S
89	NA	-	13	L
102	1	M	NA	-
104	2	N	NA	-
105	3	F	14	L
107	4	P	15	S
108	5	R	16	R
110	6	A	17	A
111	7	S	18	L
112	8	R	19	Q
113	9	L	20	V
130	10	M	NA	-
131	11	Q	NA	-
132	12	A	NA	-
133	13	A	NA	-
141	14	V	21	T
142	15	L	22	A
152	16	G	23	A
153	17	G	NA	-
164	NA	-	24	A
170	18	L	25	A
171	19	M	26	T
173	20	A	27	A
174	21	V	28	L
175	22	S	29	V
218	23	A	30	T
223	24	A	NA	-
224	25	A	31	A
265	26	T	32	V
266	NA	-	33	S
272	NA	-	34	L
273	NA	-	35	A
274	NA	-	36	A
291	NA	-	37	P
315	NA	-	38	A
340	NA	-	39	H
341	27	A	40	A
348	28	Q	41	A
351	29	T	NA	-
352	30	N	42	N
356	31	P	43	P
357	32	Y	44	Y
358	33	A	45	E
381	34	R	46	R
382	35	G	47	G
383	36	P	48	P
384	37	N	49	N
401	38	P	50	P
402	39	T	51	T
403	40	A	52	D
404	41	A	53	A
405	42	S	54	L
406	43	L	55	L
407	44	E	56	E
408	45	A	57	A
414	46	S	58	S
415	47	A	59	S
422	48	G	60	G
423	49	P	61	P
424	50	F	62	F
425	51	T	63	S
426	52	V	64	V
427	53	R	65	S
428	54	S	66	E
429	55	F	67	E
430	56	T	68	N
431	57	V	69	V
464	58	S	70	S
465	59	R	71	R
466	60	P	72	L
467	NA	-	73	S
469	NA	-	74	A
470	61	S	75	S
471	62	G	76	G
478	63	Y	77	F
479	64	G	78	G
480	65	A	79	G
481	66	G	80	G
482	67	T	81	T
483	68	V	82	I
484	69	Y	83	Y
485	70	Y	84	Y
486	71	P	85	P
487	72	T	86	R
488	73	N	NA	-
490	74	A	87	E
491	75	G	88	N
492	NA	-	89	N
493	76	G	NA	-
508	77	T	90	T
509	78	V	91	Y
510	79	G	92	G
511	80	A	93	A
512	81	I	94	V
513	82	A	95	A
514	83	I	96	I
515	84	V	97	S
516	85	P	98	P
517	86	G	99	G
518	87	Y	100	Y
519	88	T	101	T
520	89	A	102	G
522	90	R	103	T
554	91	Q	104	E
555	92	S	105	A
556	93	S	106	S
557	94	I	107	I
563	95	K	108	A
564	96	W	109	W
565	97	W	110	L
566	98	G	111	G
567	99	P	112	E
568	100	R	113	R
569	101	L	114	I
570	102	A	115	A
571	103	S	116	S
572	104	H	117	H
573	105	G	118	G
598	106	F	119	F
599	107	V	120	V
600	108	V	121	V
601	109	I	122	I
602	110	T	123	T
603	111	I	124	I
604	112	D	125	D
606	113	T	126	T
607	114	N	127	I
661	115	S	128	T
662	116	T	129	T
663	117	L	130	L
664	118	D	131	D
665	119	Q	132	Q
666	120	P	133	P
667	121	S	134	D
668	122	S	135	S
676	123	R	136	R
677	124	S	137	A
678	125	S	138	E
679	126	Q	139	Q
680	127	Q	140	L
681	128	M	141	N
682	129	A	142	A
683	130	A	143	A
684	131	L	144	L
685	132	R	145	N
686	133	Q	146	H
687	134	V	147	M
688	135	A	148	I
689	136	S	149	N
690	137	L	150	R
691	138	N	NA	-
697	139	G	151	A
698	140	T	152	S
701	141	S	153	S
702	142	S	154	T
703	143	S	NA	-
704	144	P	NA	-
705	145	I	155	V
706	146	Y	156	R
707	147	G	157	S
708	148	K	158	R
709	149	V	159	I
710	150	D	160	D
711	151	T	161	S
712	152	A	162	S
714	153	R	163	R
715	154	M	164	L
716	155	G	165	A
718	156	V	166	V
719	157	M	167	M
720	158	G	168	G
721	159	W	169	H
722	160	S	170	S
730	161	M	171	M
731	162	G	172	G
733	163	G	173	G
756	164	G	174	G
757	165	G	175	G
758	166	S	176	T
759	167	L	177	L
760	168	I	178	R
761	169	S	179	L
778	170	A	180	A
779	171	A	181	S
815	172	N	182	Q
816	173	N	183	R
817	174	P	184	P
819	175	S	185	D
820	176	L	186	L
821	177	K	187	K
822	178	A	188	A
823	179	A	189	A
824	180	A	190	I
825	181	P	191	P
826	182	Q	192	L
827	183	A	193	T
828	184	P	194	P
829	185	W	195	W
830	186	D	196	H
890	187	S	197	L
891	188	S	198	N
892	189	T	199	K
893	190	N	200	N
904	191	F	201	W
920	192	S	202	S
923	193	S	203	S
924	194	V	204	V
935	195	T	205	T
936	196	V	206	V
937	197	P	207	P
938	198	T	208	T
939	199	L	209	L
940	200	I	210	I
941	201	F	211	I
942	202	A	212	G
943	203	C	213	A
944	204	E	214	D
962	205	N	215	L
963	206	D	216	D
964	207	S	217	T
965	208	I	218	I
966	209	A	219	A
967	210	P	220	P
968	211	V	221	V
969	212	N	222	A
970	213	S	223	T
993	214	S	224	H
994	215	A	225	A
995	216	L	226	K
996	217	P	227	P
997	218	I	228	F
1001	219	Y	229	Y
1002	220	D	230	N
1003	221	S	231	S
1004	222	M	232	L
1005	NA	-	233	P
1006	223	S	234	S
1008	224	R	235	S
1009	225	N	236	I
1010	226	A	237	S
1011	227	K	238	K
1013	228	Q	239	A
1014	229	F	240	Y
1015	230	L	241	L
1016	231	E	242	E
1017	232	I	243	L
1018	233	N	244	D
1019	234	G	245	G
1020	235	G	246	A
1021	236	S	247	T
1022	237	H	248	H
1023	238	S	249	F
1025	239	C	250	A
1047	240	A	251	P
1048	241	N	252	N
1050	242	S	253	I
1051	243	G	254	P
1052	244	N	255	N
1053	245	S	NA	-
1079	246	N	NA	-
1080	247	Q	NA	-
1081	248	A	256	K
1082	249	L	257	I
1083	250	I	258	I
1084	251	G	259	G
1085	252	K	260	K
1087	253	K	261	Y
1088	254	G	262	S
1089	255	V	263	V
1090	256	A	264	A
1091	257	W	265	W
1092	258	M	266	L
1093	259	K	267	K
1094	260	R	268	R
1095	261	F	269	F
1140	262	M	270	V
1141	263	D	271	D
1142	264	N	272	N
1143	265	D	273	D
1144	266	T	274	T
1152	267	R	275	R
1153	268	Y	276	Y
1154	269	S	277	T
1155	270	T	278	Q
1156	271	F	279	F
1157	272	A	280	L
1158	273	C	281	C
1162	274	E	282	P
1171	275	N	283	G
1172	276	P	284	P
1173	277	N	285	R
1174	NA	-	286	D
1185	NA	-	287	G
1186	NA	-	288	L
1206	278	S	289	F
1207	279	T	290	G
1208	280	R	291	E
1209	281	V	292	V
1236	282	S	293	E
1237	283	D	294	E
1238	284	F	295	Y
1239	285	R	296	R
1240	286	T	297	S
1241	287	A	298	T
1242	288	N	NA	-
1259	289	C	299	C
1260	290	S	300	P
1261	NA	-	301	F
