TfCut2_position	TfCut2_residue	Thermobifida_consensus	Thermobifida_conservation_percent	Thermobifida_unique_aminoacids	Thermobifida_counts
1	M	M	100.0	1	M:16
2	A	S	53.85	2	A:6,S:7
3	V	V	76.92	3	I:2,S:1,V:10
4	M	T	53.85	3	I:3,M:3,T:7
5	T	T	92.31	2	S:1,T:12
6	P	P	100.0	1	P:13
7	R	R	92.31	2	Q:1,R:12
8	R	R	92.31	2	Q:1,R:12
9	E	E	85.71	2	D:1,E:6
10	R	R	62.5	5	A:1,E:3,G:1,R:10,S:1
11	S	S	50.0	5	A:2,R:1,S:8,T:3,V:2
12	S	S	75.0	3	P:1,R:3,S:12
13	L	L	68.75	4	A:2,L:11,R:1,S:2
14	L	L	100.0	1	L:16
15	S	S	81.25	3	A:2,S:13,T:1
16	R	R	100.0	1	R:16
17	A	A	62.5	4	A:10,L:2,R:3,V:1
18	L	L	56.25	4	A:1,I:1,L:9,V:5
19	Q	R	50.0	4	A:2,Q:3,R:8,S:3
20	V	V	37.5	5	A:2,F:3,S:1,T:4,V:6
21	T	T	62.5	3	A:3,L:3,T:10
22	A	A	81.25	2	A:13,L:3
23	A	A	75.0	3	A:12,M:1,V:3
24	A	A	100.0	1	A:16
25	A	A	100.0	1	A:16
26	T	T	78.57	2	F:3,T:11
27	A	A	71.43	3	A:10,L:3,V:1
28	L	L	64.29	3	A:1,L:9,V:4
29	V	V	57.14	3	A:3,P:3,V:8
30	T	T	37.5	5	A:6,L:1,S:1,T:6,V:2
31	A	T	50.0	4	A:6,S:1,T:8,V:1
32	V	V	75.0	4	L:1,S:2,T:1,V:12
33	S	A	43.75	3	A:7,G:3,S:6
34	L	L	68.75	3	L:11,T:3,V:2
35	A	A	93.75	2	A:15,S:1
36	A	A	68.75	3	A:11,S:2,V:3
37	P	P	81.25	2	A:3,P:13
38	A	A	100.0	1	A:16
39	H	Q	43.75	3	H:6,Q:7,T:3
40	A	A	92.86	2	A:13,G:1
41	A	A	82.35	2	A:14,G:3
42	N	N	82.35	2	N:14,T:3
43	P	P	100.0	1	P:14
44	Y	Y	100.0	1	Y:14
45	E	E	100.0	1	E:14
46	R	R	100.0	1	R:14
47	G	G	100.0	1	G:17
48	P	P	100.0	1	P:17
49	N	N	70.59	4	D:1,H:1,N:12,Y:3
50	P	P	100.0	1	P:17
51	T	T	82.35	2	A:3,T:14
52	D	E	35.29	4	D:6,E:6,N:2,Q:3
53	A	A	47.06	3	A:8,S:6,Y:3
54	L	L	41.18	4	L:7,M:4,S:3,V:3
55	L	L	70.59	3	I:2,L:12,T:3
56	E	E	82.35	2	E:14,T:3
57	A	A	82.35	3	A:14,F:1,I:2
58	S	R	64.71	3	L:2,R:11,S:4
59	S	S	78.57	2	R:3,S:11
60	G	G	100.0	1	G:14
61	P	P	100.0	1	P:14
62	F	F	92.86	2	F:13,Y:1
63	S	S	85.71	3	P:1,R:1,S:12
64	V	V	100.0	1	V:14
65	S	S	92.86	2	D:1,S:13
66	E	E	92.86	2	E:13,S:1
67	E	E	92.86	2	D:1,E:13
68	N	R	71.43	3	N:3,R:10,S:1
69	V	A	57.14	2	A:8,V:6
70	S	S	92.86	2	S:13,W:1
71	R	R	85.71	2	R:12,S:2
72	L	L	61.54	2	F:5,L:8
73	S	G	61.54	4	G:8,P:1,Q:1,S:3
74	A	A	78.57	3	A:11,S:1,V:2
75	S	D	57.14	3	D:8,R:1,S:5
76	G	G	100.0	1	G:14
77	F	F	82.35	2	F:14,L:3
78	G	G	82.35	3	G:14,P:1,R:2
79	G	G	88.24	2	D:2,G:15
80	G	G	82.35	2	G:14,H:3
81	T	T	100.0	1	T:17
82	I	I	100.0	1	I:17
83	Y	Y	100.0	1	Y:17
84	Y	Y	82.35	2	R:3,Y:14
85	P	P	100.0	1	P:17
86	R	R	64.71	5	A:1,Q:1,R:11,T:2,V:2
87	E	E	70.59	3	D:2,E:12,T:3
88	N	N	82.35	2	L:3,N:14
89	N	N	76.47	3	E:1,N:13,P:3
90	T	T	82.35	3	A:1,G:2,T:14
91	Y	Y	70.59	4	D:1,F:2,S:2,Y:12
92	G	G	82.35	2	E:3,G:14
93	A	A	82.35	2	A:14,R:3
94	V	V	58.82	3	I:4,L:3,V:10
95	A	A	82.35	2	A:14,P:3
96	I	I	100.0	1	I:17
97	S	S	82.35	2	S:14,V:3
98	P	P	82.35	3	A:1,P:14,V:2
99	G	G	82.35	2	G:14,W:3
100	Y	Y	82.35	2	G:3,Y:14
101	T	T	82.35	2	N:3,T:14
102	G	G	94.12	2	A:1,G:16
103	T	T	82.35	3	A:2,G:1,T:14
104	E	Q	64.71	3	C:3,E:3,Q:11
105	A	A	41.18	3	A:7,L:3,S:7
106	S	S	82.35	2	A:3,S:14
107	I	I	52.94	3	D:3,I:9,V:5
108	A	A	70.59	3	A:12,G:3,S:2
109	W	W	82.35	2	T:3,W:14
110	L	L	82.35	2	L:14,M:3
111	G	G	82.35	2	F:3,G:14
112	E	E	94.12	2	E:16,P:1
113	R	R	82.35	2	N:3,R:14
114	I	I	88.24	2	I:15,L:2
115	A	A	100.0	1	A:17
116	S	S	100.0	1	S:17
117	H	H	94.12	2	H:16,Q:1
118	G	G	100.0	1	G:17
119	F	F	100.0	1	F:17
120	V	V	82.35	2	L:3,V:14
121	V	V	100.0	1	V:17
122	I	I	88.24	2	I:15,M:2
123	T	T	58.82	2	A:7,T:10
124	I	I	82.35	2	I:14,N:3
125	D	D	82.35	2	D:14,G:3
126	T	T	82.35	2	R:3,T:14
127	I	N	64.71	3	I:3,N:11,P:3
128	T	T	82.35	2	G:3,T:14
129	T	T	82.35	2	G:3,T:14
130	L	L	82.35	2	F:3,L:14
131	D	D	82.35	2	D:14,G:3
132	Q	Q	82.35	2	Q:14,R:3
133	P	P	82.35	2	P:14,T:3
134	D	D	100.0	1	D:17
135	S	S	100.0	1	S:14
136	R	R	100.0	1	R:14
137	A	A	94.12	2	A:16,S:1
138	E	R	47.06	5	A:2,D:1,E:4,R:8,S:2
139	Q	Q	82.35	2	M:3,Q:14
140	L	L	100.0	1	L:17
141	N	N	58.82	4	D:3,E:1,N:10,T:3
142	A	A	76.47	3	A:13,E:3,S:1
143	A	A	100.0	1	A:17
144	L	L	82.35	2	I:3,L:14
145	N	D	82.35	2	D:14,N:3
146	H	Y	52.94	3	H:5,W:3,Y:9
147	M	M	82.35	2	A:3,M:14
148	I	I	41.18	3	I:7,L:5,V:5
149	N	N	52.94	5	A:2,D:1,E:1,N:9,T:4
150	R	D	52.94	4	D:9,E:3,G:1,R:4
151	A	A	70.59	3	A:12,N:3,S:2
152	S	S	82.35	3	D:1,S:14,T:2
153	S	S	94.12	2	S:16,Y:1
154	T	A	35.29	4	A:6,P:3,S:3,T:5
155	V	V	82.35	2	V:14,Y:3
156	R	R	100.0	1	R:17
157	S	S	47.06	3	G:3,N:6,S:8
158	R	R	88.24	2	K:2,R:15
159	I	I	82.35	2	I:14,L:3
160	D	D	100.0	1	D:17
161	S	S	47.06	4	A:4,R:2,S:8,T:3
162	S	S	70.59	3	D:3,N:2,S:12
163	R	R	82.35	3	K:2,R:14,S:1
164	L	L	82.35	2	I:3,L:14
165	A	A	100.0	1	A:17
166	V	V	88.24	2	A:2,V:15
167	M	M	100.0	1	M:17
168	G	G	100.0	1	G:17
169	H	H	82.35	2	H:14,Q:3
170	S	S	100.0	1	S:17
171	M	M	82.35	2	C:3,M:14
172	G	G	100.0	1	G:17
173	G	G	100.0	1	G:17
174	G	G	82.35	3	G:14,I:1,L:2
175	G	G	82.35	2	E:3,G:14
176	T	T	94.12	2	T:16,V:1
177	L	L	82.35	2	L:14,Y:3
178	R	R	82.35	2	E:3,R:14
179	L	L	82.35	2	L:14,V:3
180	A	A	100.0	1	A:17
181	S	S	70.59	3	D:3,E:2,S:12
182	Q	Q	64.71	3	D:3,Q:11,R:3
183	R	R	100.0	1	R:14
184	P	P	100.0	1	P:17
185	D	D	82.35	2	D:14,R:3
186	L	L	82.35	2	I:3,L:14
187	K	K	70.59	3	K:12,Q:2,T:3
188	A	A	82.35	2	A:14,T:3
189	A	A	82.35	2	A:14,T:3
190	I	I	82.35	2	I:14,V:3
191	P	P	82.35	2	L:3,P:14
192	L	L	82.35	2	L:14,W:3
193	T	T	82.35	2	N:3,T:14
194	P	P	82.35	2	P:14,S:3
195	W	W	82.35	2	G:3,W:14
196	H	H	82.35	2	H:14,L:3
197	L	L	88.24	2	L:15,T:2
198	N	N	88.24	2	D:2,N:15
199	K	K	82.35	2	H:3,K:14
200	N	S	35.29	4	L:3,N:6,S:6,T:2
201	W	W	82.35	2	L:3,W:14
202	S	S	47.06	4	G:2,R:4,S:8,T:3
203	S	S	47.06	4	D:4,N:2,R:3,S:8
204	V	V	58.82	3	I:4,L:3,V:10
205	T	T	41.18	4	H:3,Q:2,R:5,T:7
206	V	V	82.35	2	A:3,V:14
207	P	P	100.0	1	P:17
208	T	T	82.35	2	I:3,T:14
209	L	L	82.35	2	A:3,L:14
210	I	I	82.35	2	I:14,Y:3
211	I	I	82.35	2	F:3,I:14
212	G	G	82.35	2	G:14,T:3
213	A	A	82.35	2	A:14,G:3
214	D	D	52.94	3	D:9,E:5,G:3
215	L	L	52.94	4	L:9,N:3,P:3,Y:2
216	D	D	88.24	2	D:15,T:2
217	T	T	82.35	2	D:3,T:14
218	I	I	94.12	2	I:16,V:1
219	A	A	100.0	1	A:17
220	P	P	58.82	3	P:10,S:4,Y:3
221	V	V	82.35	2	A:3,V:14
222	A	L	23.53	6	A:4,L:4,N:3,R:2,S:2,T:2
223	T	T	41.18	4	A:3,L:3,S:4,T:7
224	H	H	82.35	3	H:14,L:1,V:2
225	A	A	47.06	3	A:8,D:3,S:6
226	K	E	35.29	4	D:3,E:6,K:5,R:3
227	P	P	100.0	1	P:14
228	F	F	92.86	2	F:13,S:1
229	Y	Y	82.35	2	W:3,Y:14
230	N	N	76.47	4	G:2,N:13,S:1,T:1
231	S	S	82.35	2	R:3,S:14
232	L	L	64.71	2	I:6,L:11
233	P	P	100.0	1	P:17
234	S	S	47.06	4	A:2,G:2,S:8,T:5
235	S	S	76.47	3	G:3,P:1,S:13
236	I	T	35.29	3	I:6,L:5,T:6
237	S	S	35.29	4	D:6,P:3,R:2,S:6
238	K	K	82.35	2	A:3,K:14
239	A	A	82.35	2	A:14,F:3
240	Y	Y	82.35	2	M:3,Y:14
241	L	L	82.35	2	G:3,L:14
242	E	E	82.35	2	E:14,H:3
243	L	L	100.0	1	L:17
244	D	D	82.35	2	D:14,N:3
245	G	G	85.71	2	G:12,N:2
246	A	A	82.35	2	A:14,V:3
247	T	T	52.94	3	G:3,S:5,T:9
248	H	H	100.0	1	H:17
249	F	F	82.35	2	F:14,Y:3
250	A	A	82.35	2	A:14,G:3
251	P	P	100.0	1	P:17
252	N	N	94.12	2	N:16,S:1
253	I	I	78.57	3	I:11,L:2,V:1
254	P	P	42.86	4	A:1,P:6,S:2,T:5
255	N	N	82.35	2	G:3,N:14
256	K	K	58.82	5	A:1,G:3,K:10,S:1,T:2
257	I	T	47.06	3	E:3,I:6,T:8
258	I	I	82.35	2	I:14,Y:3
259	G	G	88.24	2	A:2,G:15
260	K	K	47.06	3	K:8,M:6,R:3
261	Y	Y	82.35	2	V:3,Y:14
262	S	S	76.47	2	G:4,S:13
263	V	V	82.35	3	I:2,T:1,V:14
264	A	A	70.59	4	A:12,E:1,Q:2,S:2
265	W	W	100.0	1	W:17
266	L	L	100.0	1	L:17
267	K	K	100.0	1	K:17
268	R	R	82.35	2	Q:3,R:14
269	F	F	82.35	2	F:14,L:3
270	V	V	82.35	2	K:3,V:14
271	D	D	82.35	2	D:14,G:3
272	N	E	35.29	3	D:5,E:6,N:6
273	D	D	82.35	2	D:14,Q:3
274	T	T	82.35	2	N:3,T:14
275	R	R	82.35	2	A:3,R:14
276	Y	Y	82.35	2	R:3,Y:14
277	T	T	82.35	3	Q:1,R:2,T:14
278	Q	Q	94.12	2	Q:16,R:1
279	F	F	100.0	1	F:17
280	L	L	82.35	2	L:14,V:3
281	C	C	100.0	1	C:14
282	P	P	100.0	1	P:14
283	G	G	100.0	1	G:17
284	P	P	94.12	2	A:1,P:16
285	R	R	70.59	4	D:2,N:1,R:12,S:2
286	D	T	47.06	3	C:3,D:6,T:8
287	G	G	100.0	1	G:17
288	L	L	94.12	2	L:16,W:1
289	F	F	52.94	4	C:3,F:9,G:1,L:4
290	G	S	41.18	3	G:7,S:7,W:3
291	E	D	58.82	2	D:10,E:7
292	V	V	100.0	1	V:17
293	E	E	76.47	3	D:3,E:13,Q:1
294	E	E	82.35	2	E:14,Q:3
295	Y	Y	82.35	3	K:2,R:1,Y:14
296	R	R	82.35	2	N:3,R:14
297	S	S	82.35	2	L:3,S:14
298	T	T	82.35	2	G:3,T:14
299	C	C	100.0	1	C:14
300	P	P	100.0	1	P:14
301	F	F	100.0	1	F:14
