Family	Family_alignment_position	Consensus	Conservation_percent	Unique_aminoacids	Counts
LCC-like	1	M	100.0	1	M:1
LCC-like	2	M	66.67	2	M:2,Q:1
LCC-like	3	R	100.0	1	R:3
LCC-like	4	M	33.33	3	M:1,Q:1,T:1
LCC-like	5	S	33.33	3	A:1,E:1,S:1
LCC-like	6	S	33.33	3	A:1,S:1,V:1
LCC-like	7	T	33.33	3	I:1,P:1,T:1
LCC-like	8	P	33.33	3	L:1,P:1,S:1
LCC-like	9	G	33.33	3	D:1,E:1,G:1
LCC-like	10	F	66.67	2	F:2,Y:1
LCC-like	11	A	66.67	2	A:2,P:1
LCC-like	12	E	66.67	2	E:2,L:1
LCC-like	13	H	66.67	2	H:2,S:1
LCC-like	14	T	50.0	3	M:1,P:1,T:2
LCC-like	15	D	100.0	1	D:4
LCC-like	16	S	75.0	2	G:1,S:3
LCC-like	17	D	66.67	2	D:2,G:1
LCC-like	18	V	50.0	3	G:1,M:1,V:2
LCC-like	19	S	75.0	2	S:3,T:1
LCC-like	20	V	60.0	3	M:1,T:1,V:3
LCC-like	21	S	40.0	4	K:1,P:1,S:2,T:1
LCC-like	22	A	60.0	3	A:3,P:1,T:1
LCC-like	23	P	40.0	3	P:2,S:2,T:1
LCC-like	24	R	100.0	1	R:5
LCC-like	25	S	75.0	2	R:1,S:3
LCC-like	26	R	50.0	2	A:2,R:2
LCC-like	27	G	50.0	3	G:2,S:1,T:1
LCC-like	28	P	100.0	1	P:1
LCC-like	29	L	50.0	2	L:1,V:1
LCC-like	30	L	100.0	1	L:2
LCC-like	31	R	40.0	4	A:1,R:2,S:1,W:1
LCC-like	32	R	66.67	2	K:2,R:4
LCC-like	33	V	42.86	4	A:1,I:2,M:1,V:3
LCC-like	34	A	28.57	6	A:2,L:1,R:1,S:1,T:1,V:1
LCC-like	35	G	57.14	4	G:4,Q:1,R:1,T:1
LCC-like	36	T	57.14	4	A:1,I:1,M:1,T:4
LCC-like	37	L	71.43	2	A:2,L:5
LCC-like	38	A	85.71	2	A:6,L:1
LCC-like	39	M	57.14	4	G:1,M:4,S:1,V:1
LCC-like	40	A	85.71	2	A:6,L:1
LCC-like	41	A	100.0	1	A:7
LCC-like	42	T	42.86	4	A:1,L:2,T:3,V:1
LCC-like	43	L	57.14	2	A:3,L:4
LCC-like	44	A	85.71	2	A:6,V:1
LCC-like	45	M	42.86	4	A:1,G:2,L:1,M:3
LCC-like	46	A	57.14	4	A:4,L:1,S:1,V:1
LCC-like	47	G	57.14	4	A:1,C:1,G:4,V:1
LCC-like	48	V	57.14	4	A:1,L:1,V:4,W:1
LCC-like	49	A	40.0	3	A:2,G:2,S:1
LCC-like	50	L	83.33	2	L:5,V:1
LCC-like	51	V	100.0	1	V:1
LCC-like	52	W	100.0	1	W:1
LCC-like	53	A	71.43	3	A:5,S:1,V:1
LCC-like	54	A	57.14	4	A:4,G:1,P:1,S:1
LCC-like	55	P	85.71	2	P:6,Q:1
LCC-like	56	A	57.14	4	A:4,G:1,S:1,T:1
LCC-like	57	Q	28.57	4	A:2,H:2,Q:2,V:1
LCC-like	58	T	25.0	4	A:1,E:1,L:1,T:1
LCC-like	59	A	75.0	2	A:3,D:1
LCC-like	60	A	71.43	2	A:5,Q:2
LCC-like	61	D	50.0	4	A:2,D:4,E:1,S:1
LCC-like	62	N	100.0	1	N:8
LCC-like	63	P	100.0	1	P:8
LCC-like	64	Y	87.5	2	F:1,Y:7
LCC-like	65	E	87.5	2	E:7,Q:1
LCC-like	66	R	100.0	1	R:8
LCC-like	67	G	100.0	1	G:8
LCC-like	68	P	100.0	1	P:8
LCC-like	69	A	37.5	4	A:3,D:2,N:2,Y:1
LCC-like	70	P	100.0	1	P:8
LCC-like	71	T	75.0	2	S:2,T:6
LCC-like	72	E	62.5	3	E:5,Q:2,R:1
LCC-like	73	S	62.5	3	A:2,Q:1,S:5
LCC-like	74	S	75.0	3	A:1,L:1,S:6
LCC-like	75	I	62.5	2	I:5,L:3
LCC-like	76	E	87.5	2	E:7,T:1
LCC-like	77	A	100.0	1	A:8
LCC-like	78	S	62.5	4	D:1,L:1,R:1,S:5
LCC-like	79	R	42.86	4	E:2,L:1,R:3,S:1
LCC-like	80	G	100.0	1	G:8
LCC-like	81	P	75.0	2	P:6,S:2
LCC-like	82	F	62.5	2	F:5,Y:3
LCC-like	83	S	37.5	4	D:3,P:1,Q:1,S:3
LCC-like	84	V	100.0	1	V:8
LCC-like	85	S	37.5	3	A:2,D:3,S:3
LCC-like	86	E	62.5	3	E:5,S:1,T:2
LCC-like	87	E	37.5	4	D:3,E:3,R:1,Y:1
LCC-like	88	S	50.0	4	N:1,R:2,S:4,T:1
LCC-like	89	V	87.5	2	A:1,V:7
LCC-like	90	S	87.5	2	S:7,W:1
LCC-like	91	S	62.5	3	G:1,R:2,S:5
LCC-like	92	L	62.5	3	L:5,P:1,W:2
LCC-like	93	F	50.0	3	F:3,G:2,S:1
LCC-like	94	V	87.5	2	S:1,V:7
LCC-like	95	S	75.0	3	D:1,S:6,T:1
LCC-like	96	G	100.0	1	G:8
LCC-like	97	F	100.0	1	F:8
LCC-like	98	G	100.0	1	G:8
LCC-like	99	G	100.0	1	G:8
LCC-like	100	G	100.0	1	G:8
LCC-like	101	T	87.5	2	T:7,V:1
LCC-like	102	I	87.5	2	I:7,V:1
LCC-like	103	Y	87.5	2	H:1,Y:7
LCC-like	104	Y	100.0	1	Y:8
LCC-like	105	P	100.0	1	P:8
LCC-like	106	T	37.5	4	E:3,Q:1,R:1,T:3
LCC-like	107	D	37.5	4	D:3,E:2,G:2,T:1
LCC-like	108	T	37.5	4	D:2,N:2,R:1,T:3
LCC-like	109	S	50.0	3	A:1,N:3,S:4
LCC-like	110	E	33.33	4	D:1,E:2,L:1,Q:2
LCC-like	111	G	100.0	1	G:1
LCC-like	112	T	100.0	1	T:8
LCC-like	113	Y	50.0	2	F:4,Y:4
LCC-like	114	G	100.0	1	G:8
LCC-like	115	A	87.5	2	A:7,G:1
LCC-like	116	V	75.0	2	I:2,V:6
LCC-like	117	A	87.5	2	A:7,V:1
LCC-like	118	I	62.5	3	I:5,M:1,V:2
LCC-like	119	S	87.5	2	A:1,S:7
LCC-like	120	P	100.0	1	P:8
LCC-like	121	G	100.0	1	G:8
LCC-like	122	Y	87.5	2	F:1,Y:7
LCC-like	123	T	100.0	1	T:8
LCC-like	124	A	75.0	2	A:6,G:2
LCC-like	125	T	37.5	4	D:1,S:3,T:3,Y:1
LCC-like	126	Q	62.5	4	A:1,E:1,Q:5,S:1
LCC-like	127	S	62.5	3	A:1,S:5,T:2
LCC-like	128	S	100.0	1	S:8
LCC-like	129	M	37.5	4	I:2,L:1,M:3,V:2
LCC-like	130	A	50.0	2	A:4,S:4
LCC-like	131	W	100.0	1	W:8
LCC-like	132	L	75.0	2	L:6,Y:2
LCC-like	133	G	100.0	1	G:8
LCC-like	134	P	62.5	3	E:2,P:5,R:1
LCC-like	135	R	100.0	1	R:8
LCC-like	136	I	50.0	2	I:4,L:4
LCC-like	137	A	87.5	2	A:7,S:1
LCC-like	138	S	100.0	1	S:8
LCC-like	139	Q	50.0	3	H:3,Q:4,R:1
LCC-like	140	G	100.0	1	G:8
LCC-like	141	F	100.0	1	F:8
LCC-like	142	V	100.0	1	V:8
LCC-like	143	V	87.5	2	I:1,V:7
LCC-like	144	F	37.5	4	F:3,I:2,L:2,M:1
LCC-like	145	T	87.5	2	T:7,V:1
LCC-like	146	I	87.5	2	I:7,M:1
LCC-like	147	D	75.0	3	A:1,D:6,N:1
LCC-like	148	T	100.0	1	T:8
LCC-like	149	N	100.0	1	N:8
LCC-like	150	T	62.5	2	S:3,T:5
LCC-like	151	R	50.0	3	R:4,T:3,V:1
LCC-like	152	Y	50.0	4	F:1,L:2,W:1,Y:4
LCC-like	153	D	100.0	1	D:8
LCC-like	154	Q	87.5	2	Q:7,Y:1
LCC-like	155	P	100.0	1	P:8
LCC-like	156	D	87.5	2	A:1,D:7
LCC-like	157	S	100.0	1	S:8
LCC-like	158	R	100.0	1	R:8
LCC-like	159	A	50.0	2	A:4,G:4
LCC-like	160	D	50.0	4	D:4,R:2,S:1,T:1
LCC-like	161	Q	100.0	1	Q:8
LCC-like	162	L	100.0	1	L:8
LCC-like	163	Q	25.0	5	D:1,E:2,L:2,Q:2,S:1
LCC-like	164	A	100.0	1	A:8
LCC-like	165	A	100.0	1	A:8
LCC-like	166	L	100.0	1	L:8
LCC-like	167	D	75.0	3	D:6,E:1,N:1
LCC-like	168	Y	75.0	2	H:2,Y:6
LCC-like	169	L	62.5	2	L:5,M:3
LCC-like	170	V	62.5	4	L:1,R:1,T:1,V:5
LCC-like	171	D	37.5	5	D:3,E:2,N:1,S:1,T:1
LCC-like	172	D	60.0	3	D:3,G:1,S:1
LCC-like	173	S	66.67	2	A:2,S:4
LCC-like	174	D	50.0	3	D:4,P:1,S:3
LCC-like	175	S	87.5	2	A:1,S:7
LCC-like	176	S	37.5	5	A:2,D:1,G:1,S:3,T:1
LCC-like	177	V	100.0	1	V:7
LCC-like	178	R	57.14	3	A:1,Q:2,R:4
LCC-like	179	D	62.5	3	A:1,D:5,S:2
LCC-like	180	R	62.5	3	I:2,L:1,R:5
LCC-like	181	I	75.0	3	I:6,L:1,V:1
LCC-like	182	D	100.0	1	D:8
LCC-like	183	R	25.0	4	A:2,E:2,P:2,R:2
LCC-like	184	N	37.5	4	D:3,G:1,N:3,S:1
LCC-like	185	R	100.0	1	R:8
LCC-like	186	L	100.0	1	L:8
LCC-like	187	A	87.5	2	A:7,G:1
LCC-like	188	V	87.5	2	L:1,V:7
LCC-like	189	M	87.5	2	A:1,M:7
LCC-like	190	G	100.0	1	G:8
LCC-like	191	H	100.0	1	H:8
LCC-like	192	S	100.0	1	S:8
LCC-like	193	M	100.0	1	M:8
LCC-like	194	G	100.0	1	G:8
LCC-like	195	G	100.0	1	G:8
LCC-like	196	G	100.0	1	G:8
LCC-like	197	G	100.0	1	G:8
LCC-like	198	T	100.0	1	T:8
LCC-like	199	L	100.0	1	L:8
LCC-like	200	R	50.0	3	A:3,E:1,R:4
LCC-like	201	A	62.5	3	A:5,I:1,L:2
LCC-like	202	A	75.0	3	A:6,S:1,V:1
LCC-like	203	S	50.0	3	E:3,L:1,S:4
LCC-like	204	E	37.5	4	D:2,E:3,Q:2,R:1
LCC-like	205	R	62.5	2	N:3,R:5
LCC-like	206	P	100.0	1	P:8
LCC-like	207	D	37.5	4	A:1,D:3,E:2,S:2
LCC-like	208	L	87.5	2	I:1,L:7
LCC-like	209	K	50.0	2	K:4,Q:4
LCC-like	210	A	100.0	1	A:8
LCC-like	211	A	100.0	1	A:8
LCC-like	212	I	87.5	2	I:7,V:1
LCC-like	213	P	100.0	1	P:8
LCC-like	214	L	87.5	2	L:7,M:1
LCC-like	215	T	75.0	2	A:2,T:6
LCC-like	216	P	75.0	2	G:2,P:6
LCC-like	217	W	100.0	1	W:8
LCC-like	218	H	87.5	2	H:7,N:1
LCC-like	219	L	75.0	2	L:6,T:2
LCC-like	220	D	50.0	4	D:4,N:2,Q:1,R:1
LCC-like	221	K	100.0	1	K:8
LCC-like	222	T	50.0	3	D:2,S:2,T:4
LCC-like	223	W	75.0	2	F:2,W:6
LCC-like	224	S	57.14	3	G:2,S:4,W:1
LCC-like	225	N	37.5	4	D:2,E:2,N:3,Q:1
LCC-like	226	V	75.0	3	S:1,T:1,V:6
LCC-like	227	Q	75.0	2	Q:6,S:2
LCC-like	228	V	87.5	2	T:1,V:7
LCC-like	229	P	100.0	1	P:8
LCC-like	230	T	87.5	2	T:7,V:1
LCC-like	231	L	75.0	2	L:6,M:2
LCC-like	232	I	75.0	2	I:6,V:2
LCC-like	233	I	50.0	3	F:1,I:4,V:3
LCC-like	234	G	100.0	1	G:8
LCC-like	235	A	100.0	1	A:8
LCC-like	236	E	87.5	2	D:1,E:7
LCC-like	237	D	37.5	5	A:1,D:3,L:1,N:2,Y:1
LCC-like	238	D	100.0	1	D:8
LCC-like	239	T	62.5	2	S:3,T:5
LCC-like	240	I	75.0	2	I:6,V:2
LCC-like	241	A	100.0	1	A:8
LCC-like	242	P	50.0	2	P:4,S:4
LCC-like	243	V	87.5	2	H:1,V:7
LCC-like	244	T	25.0	7	A:1,G:1,I:1,L:1,R:1,S:1,T:2
LCC-like	245	T	50.0	4	L:1,Q:1,S:2,T:4
LCC-like	246	H	100.0	1	H:8
LCC-like	247	A	50.0	2	A:4,S:4
LCC-like	248	E	62.5	3	E:5,I:1,Q:2
LCC-like	249	P	87.5	2	L:1,P:7
LCC-like	250	F	87.5	2	F:7,S:1
LCC-like	251	Y	100.0	1	Y:8
LCC-like	252	E	50.0	5	E:4,G:1,N:1,Q:1,T:1
LCC-like	253	S	87.5	2	N:1,S:7
LCC-like	254	L	75.0	2	I:2,L:6
LCC-like	255	P	100.0	1	P:8
LCC-like	256	S	50.0	4	G:1,P:1,S:4,T:2
LCC-like	257	S	71.43	3	G:1,S:5,T:1
LCC-like	258	L	57.14	2	L:4,T:3
LCC-like	259	D	50.0	4	D:4,E:1,P:1,R:2
LCC-like	260	K	100.0	1	K:8
LCC-like	261	A	87.5	2	A:7,V:1
LCC-like	262	Y	100.0	1	Y:8
LCC-like	263	L	75.0	2	L:6,V:2
LCC-like	264	E	100.0	1	E:8
LCC-like	265	L	100.0	1	L:8
LCC-like	266	D	62.5	3	A:1,D:5,N:2
LCC-like	267	G	87.5	2	G:7,N:1
LCC-like	268	A	100.0	1	A:8
LCC-like	269	S	75.0	3	G:1,S:6,T:1
LCC-like	270	H	100.0	1	H:8
LCC-like	271	F	100.0	1	F:8
LCC-like	272	A	100.0	1	A:8
LCC-like	273	P	100.0	1	P:8
LCC-like	274	N	87.5	2	N:7,S:1
LCC-like	275	T	37.5	6	F:1,I:1,L:1,S:1,T:3,V:1
LCC-like	276	S	37.5	4	A:2,N:2,S:3,T:1
LCC-like	277	N	75.0	2	D:2,N:6
LCC-like	278	T	62.5	3	A:2,S:1,T:5
LCC-like	279	T	75.0	3	A:1,D:1,T:6
LCC-like	280	I	100.0	1	I:8
LCC-like	281	A	62.5	3	A:5,G:2,S:1
LCC-like	282	K	62.5	3	K:5,M:2,V:1
LCC-like	283	Y	100.0	1	Y:8
LCC-like	284	S	75.0	3	G:1,S:6,T:1
LCC-like	285	I	75.0	2	I:6,V:2
LCC-like	286	A	50.0	2	A:4,S:4
LCC-like	287	W	100.0	1	W:8
LCC-like	288	L	87.5	2	L:7,M:1
LCC-like	289	K	100.0	1	K:8
LCC-like	290	R	87.5	2	L:1,R:7
LCC-like	291	F	75.0	3	F:6,W:1,Y:1
LCC-like	292	V	100.0	1	V:8
LCC-like	293	D	100.0	1	D:8
LCC-like	294	N	62.5	3	D:1,E:2,N:5
LCC-like	295	D	100.0	1	D:8
LCC-like	296	T	100.0	1	T:8
LCC-like	297	R	100.0	1	R:8
LCC-like	298	Y	87.5	2	F:1,Y:7
LCC-like	299	T	37.5	4	E:3,R:1,S:1,T:3
LCC-like	300	Q	87.5	2	Q:7,R:1
LCC-like	301	F	100.0	1	F:8
LCC-like	302	L	87.5	2	I:1,L:7
LCC-like	303	C	100.0	1	C:8
LCC-like	304	P	87.5	2	N:1,P:7
LCC-like	305	G	50.0	3	G:4,P:3,V:1
LCC-like	306	P	87.5	2	N:1,P:7
LCC-like	307	S	37.5	4	D:2,N:1,R:2,S:3
LCC-like	308	T	50.0	4	A:2,F:1,P:1,T:4
LCC-like	309	G	100.0	1	G:2
LCC-like	310	G	85.71	2	A:1,G:6
LCC-like	311	L	87.5	2	L:7,W:1
LCC-like	312	F	71.43	3	D:1,F:5,G:1
LCC-like	313	S	57.14	3	L:1,N:2,S:4
LCC-like	314	D	100.0	1	D:7
LCC-like	315	I	57.14	2	I:4,V:3
LCC-like	316	S	62.5	2	E:3,S:5
LCC-like	317	E	62.5	3	D:2,E:5,K:1
LCC-like	318	Y	87.5	2	F:1,Y:7
LCC-like	319	R	87.5	2	R:7,S:1
LCC-like	320	S	37.5	4	A:1,D:3,S:3,T:1
LCC-like	321	T	87.5	2	N:1,T:7
LCC-like	322	C	87.5	2	C:7,N:1
LCC-like	323	P	87.5	2	P:7,R:1
LCC-like	324	H	50.0	3	F:3,H:4,M:1
LCC-like	325	S	60.0	3	C:1,L:1,S:3
LCC-like	326	E	100.0	1	E:1
LCC-like	327	H	100.0	1	H:1
LCC-like	328	H	100.0	1	H:1
LCC-like	329	H	100.0	1	H:1
LCC-like	330	H	100.0	1	H:1
LCC-like	331	H	100.0	1	H:1
LCC-like	332	S	60.0	3	H:1,Q:1,S:3
